ts,P>1_mean,P>1_max,P>5_mean,P>5_max,P>10_mean,P>10_max,P>30_mean,P>30_max,P>50_mean,P>50_max,P>100_mean,P>100_max,E>0.8_mean,E>0.8_max,E>2.0_mean,E>2.0_max,Year,Month,Day,Hour,Speed,Density,Radio Flux 10.7,група
2017-08-28 00:00:00,9.778333,19.4,0.32491666,0.69,0.19291668,0.314,0.098850004,0.224,0.077583335,0.178,0.040691666,0.0793,20941.666,23600.0,1011.5833,1180.0,2017,8,28,0,285.0,3.0,82.0,тиха
2017-08-28 01:00:00,7.994167,13.6,0.29166666,0.512,0.15658334,0.259,0.07258333,0.0919,0.0587,0.0798,0.02995,0.0471,18091.666,20600.0,713.0,907.0,2017,8,28,1,305.0,3.4,,тиха
2017-08-28 02:00:00,6.099167,10.8,0.283,0.479,0.17766666,0.321,0.08445,0.121,0.06964167,0.111,0.035025,0.0595,14108.333,15000.0,380.83334,475.0,2017,8,28,2,309.0,1.7,,тиха
2017-08-28 03:00:00,4.7525,7.76,0.23683333,0.329,0.16633333,0.244,0.08765834,0.18,0.06809167,0.139,0.035516668,0.0818,12766.667,13100.0,267.91666,284.0,2017,8,28,3,304.0,2.0,,тиха
2017-08-28 04:00:00,4.1583333,6.62,0.33491668,0.539,0.20833333,0.309,0.084800005,0.153,0.07285,0.142,0.039708335,0.0694,11333.333,12300.0,203.0,234.0,2017,8,28,4,302.0,2.3,,тиха
2017-08-28 05:00:00,2.9041665,4.62,0.24033333,0.41,0.16683334,0.284,0.07729167,0.114,0.06369167,0.0932,0.03488333,0.0669,9685.833,10700.0,152.41667,180.0,2017,8,28,5,304.0,2.4,,тиха
2017-08-28 06:00:00,3.4216669,4.94,0.28191665,0.43,0.16341667,0.249,0.08384166,0.116,0.066991664,0.106,0.037583333,0.0818,8650.0,9200.0,127.916664,137.0,2017,8,28,6,319.0,3.2,,тиха
2017-08-28 07:00:00,2.9783335,3.93,0.32458332,0.601,0.19666667,0.316,0.10028333,0.165,0.07681667,0.155,0.039333332,0.0769,6424.1665,7600.0,95.49167,110.0,2017,8,28,7,319.0,2.8,,тиха
2017-08-28 08:00:00,2.6116667,3.96,0.30233333,0.495,0.18775,0.28,0.09535,0.219,0.07446667,0.138,0.037683334,0.062,4602.5,5210.0,70.01667,79.8,2017,8,28,8,319.0,3.2,,тиха
2017-08-28 09:00:00,2.5541668,3.98,0.29366666,0.608,0.17958333,0.258,0.09655833,0.136,0.07619167,0.109,0.03883333,0.0595,4761.6665,4960.0,82.34167,89.6,2017,8,28,9,306.0,4.0,,тиха
2017-08-28 10:00:00,2.3875,3.32,0.29908332,0.491,0.19283332,0.407,0.09742501,0.141,0.067433335,0.106,0.03839167,0.0744,4598.3335,4950.0,89.700005,108.0,2017,8,28,10,305.0,4.0,,тиха
2017-08-28 11:00:00,2.3833334,3.16,0.28758332,0.459,0.17291667,0.326,0.08349166,0.141,0.063941665,0.102,0.031691667,0.0645,5865.8335,7240.0,124.833336,156.0,2017,8,28,11,307.0,3.3,,тиха
2017-08-28 12:00:00,2.5125,3.92,0.25375,0.418,0.16775,0.257,0.092883326,0.128,0.070075,0.0962,0.040433332,0.0719,9123.333,11000.0,208.41667,246.0,2017,8,28,12,303.0,2.9,,тиха
2017-08-28 13:00:00,3.2541666,4.92,0.30608335,0.671,0.17525,0.358,0.08556667,0.15,0.062366664,0.0892,0.030258333,0.0491,12200.0,13000.0,264.33334,271.0,2017,8,28,13,306.0,2.8,,тиха
2017-08-28 14:00:00,2.59,3.28,0.2445,0.373,0.19325,0.334,0.11379167,0.274,0.09004167,0.184,0.04893333,0.0823,13875.0,14300.0,303.16666,323.0,2017,8,28,14,294.0,3.2,,тиха
2017-08-28 15:00:00,3.0933332,4.32,0.2929167,0.431,0.198,0.338,0.089841664,0.153,0.06795833,0.143,0.035875,0.062,15925.0,17000.0,406.25,478.0,2017,8,28,15,303.0,2.0,,тиха
2017-08-28 16:00:00,3.6166668,5.11,0.3065,0.524,0.20075,0.363,0.10075834,0.161,0.0772,0.125,0.044524997,0.0769,18016.666,18800.0,557.0,599.0,2017,8,28,16,307.0,1.5,,тиха
2017-08-28 17:00:00,3.9724998,5.23,0.2985,0.656,0.19391668,0.359,0.10299167,0.195,0.08290833,0.145,0.043333333,0.0854,20050.0,20800.0,591.5833,615.0,2017,8,28,17,309.0,0.9,,тиха
2017-08-28 18:00:00,4.5383334,5.85,0.27508333,0.383,0.16375001,0.252,0.090375,0.192,0.07248334,0.161,0.0356,0.062,20883.334,21900.0,592.4167,609.0,2017,8,28,18,302.0,1.5,,тиха
2017-08-28 19:00:00,4.429167,4.94,0.22066666,0.302,0.17016667,0.256,0.091524996,0.131,0.071166664,0.121,0.035891667,0.0509,22058.334,22200.0,585.3333,605.0,2017,8,28,19,294.0,2.0,,тиха
2017-08-28 20:00:00,5.4575,7.04,0.20233333,0.28,0.14208333,0.19,0.0727,0.106,0.053516667,0.0683,0.026741667,0.036,23108.334,24100.0,666.8333,727.0,2017,8,28,20,297.0,3.2,,тиха
2017-08-28 21:00:00,5.8799996,8.62,0.22675,0.411,0.16883333,0.226,0.097449996,0.144,0.08141667,0.133,0.04758333,0.0707,24550.0,24800.0,773.0833,792.0,2017,8,28,21,299.0,2.8,,тиха
2017-08-28 22:00:00,6.835833,8.59,0.23758334,0.521,0.18116666,0.409,0.102191664,0.212,0.0709,0.126,0.03635,0.0779,25641.666,26800.0,775.1667,804.0,2017,8,28,22,309.0,2.9,,тиха
2017-08-28 23:00:00,6.7450004,9.76,0.27425,0.392,0.198,0.282,0.112458326,0.147,0.0835,0.121,0.04238333,0.0856,24866.666,26000.0,742.1667,778.0,2017,8,28,23,309.0,3.2,,тиха
2017-08-29 00:00:00,5.596667,7.13,0.2355,0.392,0.17458333,0.274,0.096425,0.165,0.07936667,0.154,0.043725,0.0879,20658.334,23300.0,494.66666,699.0,2017,8,29,0,325.0,2.1,84.0,тиха
2017-08-29 01:00:00,4.7591667,6.86,0.23699999,0.376,0.1635,0.217,0.09116667,0.131,0.074308336,0.101,0.035541665,0.0608,15375.0,17000.0,277.41666,325.0,2017,8,29,1,307.0,1.5,,тиха
2017-08-29 02:00:00,3.2241666,5.35,0.24125,0.449,0.17791666,0.358,0.101733334,0.298,0.076025,0.19,0.035958335,0.0781,14350.0,15000.0,302.08334,330.0,2017,8,29,2,340.0,1.9,,тиха
2017-08-29 03:00:00,2.6316667,2.91,0.21258335,0.415,0.16008334,0.295,0.08324999,0.178,0.072508335,0.167,0.038308334,0.0738,12625.0,13300.0,251.5,281.0,2017,8,29,3,348.0,2.6,,тиха
2017-08-29 04:00:00,2.2549999,3.77,0.21491666,0.322,0.15133333,0.219,0.07796667,0.116,0.06648333,0.105,0.036116667,0.0806,10502.5,11200.0,199.25,220.0,2017,8,29,4,349.0,2.8,,тиха
2017-08-29 05:00:00,1.16575,1.84,0.20599999,0.293,0.14991666,0.212,0.085141666,0.119,0.073366664,0.108,0.038808335,0.0682,8255.833,9910.0,211.0,267.0,2017,8,29,5,348.0,2.8,,тиха
2017-08-29 06:00:00,1.1945,2.29,0.25616667,0.647,0.16966666,0.252,0.08293334,0.119,0.07180833,0.108,0.040075,0.0658,7470.8335,8920.0,263.33334,336.0,2017,8,29,6,346.0,2.6,,тиха
2017-08-29 07:00:00,1.2418333,1.99,0.23358333,0.392,0.15891667,0.224,0.085258335,0.127,0.070225,0.117,0.036216665,0.0776,9573.333,10800.0,402.0,419.0,2017,8,29,7,344.0,3.6,,тиха
2017-08-29 08:00:00,1.2751666,1.71,0.26433334,0.447,0.19141667,0.363,0.08463333,0.132,0.06739167,0.102,0.03398333,0.0583,8770.0,9240.0,348.66666,393.0,2017,8,29,8,339.0,3.0,,тиха
2017-08-29 09:00:00,1.1301666,1.43,0.22608334,0.339,0.1795,0.293,0.09735,0.234,0.076233335,0.149,0.041308332,0.0831,8353.333,8890.0,318.58334,337.0,2017,8,29,9,303.0,3.7,,тиха
2017-08-29 10:00:00,1.3025,1.99,0.25858334,0.466,0.19041668,0.276,0.1137,0.191,0.09030833,0.163,0.04945,0.0873,10235.0,11700.0,420.0,504.0,2017,8,29,10,292.0,5.0,,тиха
2017-08-29 11:00:00,1.4158334,2.26,0.24766667,0.398,0.17783333,0.213,0.08980834,0.137,0.0666,0.114,0.035225,0.0608,12233.333,13000.0,542.1667,573.0,2017,8,29,11,293.0,4.7,,тиха
2017-08-29 12:00:00,1.5441667,2.33,0.24024999,0.349,0.16841666,0.24,0.09018334,0.119,0.06490833,0.0829,0.03195,0.0583,13450.0,14800.0,614.8333,696.0,2017,8,29,12,308.0,4.7,,тиха
2017-08-29 13:00:00,2.2541666,3.19,0.27699998,0.48,0.20183332,0.335,0.10368333,0.223,0.07694167,0.142,0.039699998,0.0645,16425.0,18200.0,767.4167,836.0,2017,8,29,13,287.0,4.8,,тиха
2017-08-29 14:00:00,2.88,4.03,0.26341668,0.382,0.18958335,0.3,0.09569166,0.161,0.07205,0.114,0.037633333,0.0791,19750.0,20800.0,912.8333,988.0,2017,8,29,14,279.0,4.7,,тиха
2017-08-29 15:00:00,3.3633335,4.45,0.218,0.329,0.16341667,0.223,0.088375,0.153,0.06936666,0.093,0.030983334,0.0517,22191.666,23300.0,1063.5834,1130.0,2017,8,29,15,277.0,5.1,,тиха
2017-08-29 16:00:00,4.329167,7.18,0.21808334,0.327,0.1725,0.281,0.086175,0.141,0.06539167,0.112,0.035191666,0.0658,24575.0,27500.0,1229.1666,1390.0,2017,8,29,16,348.0,5.1,,тиха
2017-08-29 17:00:00,13.030833,27.2,0.28808334,0.599,0.19466667,0.328,0.09440833,0.139,0.067658335,0.095,0.03860833,0.0707,31933.334,36400.0,1787.5,2250.0,2017,8,29,17,352.0,5.9,,тиха
2017-08-29 18:00:00,22.583334,32.4,0.24891667,0.36,0.19358332,0.314,0.086666666,0.122,0.068733335,0.1,0.040158335,0.0761,34658.332,37700.0,2315.0,2570.0,2017,8,29,18,349.0,6.5,,тиха
2017-08-29 19:00:00,30.0,50.0,0.24516666,0.343,0.17308332,0.297,0.09528333,0.119,0.06706666,0.109,0.034183335,0.0767,37591.668,41100.0,2950.0,3430.0,2017,8,29,19,361.0,5.8,,тиха
2017-08-29 20:00:00,36.308334,45.4,0.21908332,0.277,0.16691667,0.209,0.094566666,0.12,0.082491666,0.11,0.051583335,0.0854,42733.332,46800.0,4338.3335,5210.0,2017,8,29,20,354.0,4.5,,тиха
2017-08-29 21:00:00,35.458332,70.3,0.25375,0.423,0.19216667,0.327,0.091858335,0.192,0.06853333,0.115,0.03325,0.0569,26408.334,39900.0,2369.1667,4100.0,2017,8,29,21,395.0,2.1,,тиха
2017-08-29 22:00:00,15.231667,26.1,0.23091666,0.303,0.18441667,0.264,0.08946667,0.157,0.06578333,0.13,0.033333335,0.0631,10654.167,16200.0,538.75,1190.0,2017,8,29,22,398.0,1.4,,тиха
2017-08-29 23:00:00,6.4300003,11.9,0.25158334,0.394,0.17416666,0.258,0.08465,0.145,0.0687,0.135,0.0377,0.0706,4778.3335,6370.0,116.19167,174.0,2017,8,29,23,392.0,1.8,,тиха
2017-08-30 00:00:00,3.5583334,5.89,0.22525,0.319,0.1625,0.239,0.09845833,0.181,0.076799996,0.15,0.035591666,0.0679,3382.5,3460.0,64.308334,70.4,2017,8,30,0,398.0,1.2,87.0,тиха
2017-08-30 01:00:00,2.6316667,3.79,0.26775,0.423,0.20233333,0.33,0.11318333,0.207,0.085033335,0.131,0.038541663,0.0532,3150.0,3480.0,55.75,67.3,2017,8,30,1,385.0,1.9,,тиха
2017-08-30 02:00:00,1.16075,1.52,0.22341667,0.34,0.18108334,0.301,0.093216665,0.182,0.077925004,0.161,0.03875,0.0727,2000.8334,2480.0,35.166668,40.4,2017,8,30,2,376.0,2.4,,тиха
2017-08-30 03:00:00,1.2859167,2.47,0.21641667,0.317,0.15991667,0.268,0.0849,0.171,0.06641667,0.118,0.030625,0.0455,2227.5,3000.0,32.816666,45.1,2017,8,30,3,375.0,2.7,,тиха
2017-08-30 04:00:00,1.52,2.3,0.21391667,0.397,0.15616666,0.248,0.07633334,0.162,0.062825,0.15,0.030550001,0.0576,2905.0,3100.0,35.716667,41.7,2017,8,30,4,354.0,3.2,,тиха
2017-08-30 05:00:00,0.89891666,1.5,0.22908334,0.497,0.16416667,0.278,0.07095834,0.0948,0.057225,0.0746,0.029283332,0.0458,1917.5,2310.0,19.275,21.6,2017,8,30,5,351.0,3.4,,тиха
2017-08-30 06:00:00,0.62725,0.786,0.21033333,0.287,0.15325,0.248,0.08253334,0.135,0.06556667,0.125,0.033716667,0.0717,1537.5,1710.0,16.65,19.7,2017,8,30,6,351.0,3.4,,тиха
2017-08-30 07:00:00,0.98674995,2.71,0.25875,0.376,0.19825,0.337,0.09375,0.167,0.07768334,0.156,0.037791666,0.0616,1430.0,2220.0,18.933332,31.6,2017,8,30,7,349.0,3.6,,тиха
2017-08-30 08:00:00,1.0475,2.01,0.26316667,0.568,0.17533334,0.237,0.09761667,0.16,0.075150006,0.15,0.034383334,0.0576,2310.8333,2680.0,31.008333,38.0,2017,8,30,8,350.0,3.5,,тиха
2017-08-30 09:00:00,0.87616664,1.41,0.23333333,0.377,0.16691667,0.248,0.08435,0.183,0.066133335,0.14,0.031466667,0.0515,2046.6666,2170.0,26.125,30.2,2017,8,30,9,349.0,2.9,,тиха
2017-08-30 10:00:00,0.76808333,1.05,0.22141667,0.428,0.17491667,0.388,0.09000834,0.154,0.071775,0.144,0.036283333,0.0607,2173.3333,2250.0,26.558334,32.4,2017,8,30,10,346.0,3.9,,тиха
2017-08-30 11:00:00,0.80508333,1.05,0.21816666,0.345,0.17616667,0.306,0.090108335,0.182,0.07258333,0.145,0.036716666,0.0755,2496.6667,2650.0,32.158333,36.1,2017,8,30,11,346.0,3.8,,тиха
2017-08-30 12:00:00,1.0996667,1.52,0.25633332,0.352,0.17941666,0.252,0.108325005,0.185,0.08685833,0.175,0.042,0.0656,2864.1667,3090.0,37.483334,43.1,2017,8,30,12,346.0,3.1,,тиха
2017-08-30 13:00:00,1.2611667,2.39,0.27175,0.567,0.19166666,0.299,0.11061666,0.234,0.085975,0.15,0.036375,0.0576,3490.8333,3810.0,48.183334,54.0,2017,8,30,13,345.0,3.3,,тиха
2017-08-30 14:00:00,1.7375001,2.46,0.25516668,0.662,0.17983334,0.36,0.094958335,0.16,0.07185,0.125,0.03685833,0.0716,4141.6665,4440.0,59.7,64.3,2017,8,30,14,346.0,3.6,,тиха
2017-08-30 15:00:00,2.9391668,4.5,0.29433334,0.687,0.20091666,0.415,0.11178333,0.163,0.09243333,0.126,0.050475,0.078,4780.8335,5190.0,72.125,81.4,2017,8,30,15,346.0,3.6,,тиха
2017-08-30 16:00:00,4.4308333,6.49,0.25016668,0.353,0.17058332,0.233,0.10599166,0.176,0.080233335,0.144,0.042591665,0.0829,5827.5,6400.0,95.525,107.0,2017,8,30,16,346.0,3.8,,тиха
2017-08-30 17:00:00,6.6800003,9.33,0.241,0.355,0.16841666,0.254,0.092375,0.119,0.07569166,0.102,0.046458334,0.078,6992.5,7480.0,126.166664,139.0,2017,8,30,17,346.0,3.5,,тиха
2017-08-30 18:00:00,8.220834,11.7,0.25441667,0.458,0.18800001,0.418,0.096650004,0.169,0.07208333,0.13,0.036975,0.073,7673.3335,8030.0,148.58333,162.0,2017,8,30,18,346.0,4.0,,тиха
2017-08-30 19:00:00,9.8475,14.8,0.26725,0.379,0.20666666,0.341,0.10039166,0.168,0.07869167,0.157,0.044008333,0.0828,8290.0,8480.0,167.25,176.0,2017,8,30,19,346.0,3.9,,тиха
2017-08-30 20:00:00,9.13,14.6,0.2795,0.612,0.18024999,0.336,0.087175004,0.154,0.0712,0.142,0.037975002,0.068,7723.3335,8150.0,151.41667,171.0,2017,8,30,20,346.0,4.0,,тиха
2017-08-30 21:00:00,8.630834,12.3,0.28058335,0.471,0.19725001,0.433,0.09601667,0.192,0.078025,0.161,0.04303333,0.0704,7500.8335,7540.0,142.41667,148.0,2017,8,30,21,346.0,3.3,,тиха
2017-08-30 22:00:00,7.1775,13.8,0.24783333,0.408,0.18766665,0.265,0.095675,0.154,0.07460833,0.108,0.04335833,0.0762,7148.3335,7380.0,129.16667,137.0,2017,8,30,22,345.0,4.2,,тиха
2017-08-30 23:00:00,6.14,8.77,0.25325,0.417,0.19291668,0.327,0.09245834,0.156,0.07085834,0.109,0.037458334,0.0648,6687.5,6840.0,116.166664,122.0,2017,8,30,23,345.0,4.5,,тиха
2017-08-31 00:00:00,4.891667,7.61,0.25033334,0.392,0.18366666,0.269,0.11184167,0.211,0.08640834,0.171,0.04419167,0.067,6091.6665,6430.0,99.50833,110.0,2017,8,31,0,346.0,2.6,92.0,тиха
2017-08-31 01:00:00,4.125833,5.64,0.28008333,0.584,0.20341666,0.302,0.09465834,0.168,0.07655833,0.117,0.043500002,0.0754,5319.1665,5770.0,79.316666,90.0,2017,8,31,1,358.0,7.7,,тиха
2017-08-31 02:00:00,4.653333,7.93,0.23591667,0.388,0.17716666,0.243,0.10890833,0.185,0.08798333,0.174,0.046291664,0.0892,4360.8335,5380.0,47.3,61.2,2017,8,31,2,360.0,8.0,,тиха
2017-08-31 03:00:00,3.265,5.36,0.27808335,0.68,0.18791668,0.36,0.090825,0.154,0.07284167,0.142,0.036333334,0.0668,3311.6667,3980.0,29.800001,41.8,2017,8,31,3,355.0,11.8,,тиха
2017-08-31 04:00:00,2.2333333,3.24,0.27941665,0.502,0.18633334,0.367,0.087900005,0.141,0.074983336,0.13,0.043191668,0.0787,2234.1667,2650.0,15.233334,20.7,2017,8,31,4,361.0,12.5,,тиха
2017-08-31 05:00:00,1.4894167,3.22,0.24758333,0.357,0.16958334,0.316,0.08450833,0.172,0.07116667,0.158,0.0339,0.065,1071.0834,1750.0,6.955,15.1,2017,8,31,5,407.0,31.7,,тиха
2017-08-31 06:00:00,4.0608335,6.5,0.25166667,0.414,0.177,0.254,0.090741664,0.142,0.073525004,0.116,0.039241668,0.0652,332.5,407.0,2.87625,5.58,2017,8,31,6,467.0,24.2,,тиха
2017-08-31 07:00:00,1.7113333,3.54,0.24116667,0.359,0.15466666,0.21,0.08313333,0.133,0.062425002,0.0934,0.03291667,0.0605,475.0,1070.0,7.4525,12.8,2017,8,31,7,588.0,7.1,,тиха
2017-08-31 08:00:00,5.2031665,22.4,0.289,0.414,0.19500001,0.316,0.08105,0.135,0.064,0.114,0.0336,0.058,914.49335,3830.0,18.6275,64.9,2017,8,31,8,608.0,5.2,,тиха
2017-08-31 09:00:00,47.75833,161.0,0.26583335,0.673,0.18958335,0.297,0.10395833,0.219,0.084408335,0.208,0.044308335,0.108,7764.1665,15500.0,255.91667,701.0,2017,8,31,9,626.0,4.5,,тиха
2017-08-31 10:00:00,6.9475,13.6,0.25016668,0.381,0.1935,0.343,0.10039166,0.198,0.082258336,0.177,0.04355,0.0853,3030.8333,5720.0,42.2925,92.7,2017,8,31,10,649.0,4.4,,тиха
2017-08-31 11:00:00,0.91725,1.73,0.20958334,0.351,0.16316666,0.313,0.090966664,0.141,0.0687,0.106,0.0376,0.058,367.19498,863.0,4.482167,11.7,2017,8,31,11,654.0,4.0,,тиха
2017-08-31 12:00:00,9.484417,20.7,0.25833336,0.528,0.18533333,0.356,0.08313333,0.143,0.06194167,0.101,0.030691667,0.0632,372.725,933.0,8.712501,19.7,2017,8,31,12,633.0,3.4,,тиха
2017-08-31 13:00:00,51.033337,105.0,0.23641665,0.451,0.1645,0.264,0.087958336,0.198,0.07151667,0.163,0.038250003,0.0631,1807.0834,3700.0,24.683334,35.5,2017,8,31,13,609.0,3.3,,тиха
2017-08-31 14:00:00,62.254166,231.0,0.26991668,0.597,0.19666667,0.322,0.08608333,0.113,0.070975,0.0966,0.043516666,0.0704,4909.1665,5770.0,28.983332,35.5,2017,8,31,14,602.0,3.2,,тиха
2017-08-31 15:00:00,10.489167,18.5,0.22316666,0.427,0.16283333,0.259,0.10158333,0.201,0.08168333,0.19,0.041066665,0.0842,6577.5,8780.0,32.233334,46.8,2017,8,31,15,600.0,3.4,,тиха
2017-08-31 16:00:00,11.461667,15.4,0.24491668,0.361,0.19683333,0.322,0.102175,0.166,0.08285,0.155,0.04481667,0.0813,13766.667,17000.0,61.808334,71.2,2017,8,31,16,587.0,3.7,,тиха
2017-08-31 17:00:00,18.685,50.8,0.26983333,0.645,0.18475,0.306,0.09825834,0.161,0.079025,0.15,0.043175,0.0848,22725.0,28400.0,95.48334,133.0,2017,8,31,17,583.0,3.1,,тиха
2017-08-31 18:00:00,10.998333,15.6,0.28024998,0.492,0.1885,0.305,0.097775005,0.154,0.07083333,0.1,0.039666668,0.0729,32383.334,34500.0,172.66667,193.0,2017,8,31,18,573.0,3.0,,тиха
2017-08-31 19:00:00,17.52,46.2,0.26572728,0.397,0.1949091,0.309,0.07950909,0.122,0.06689091,0.111,0.038254544,0.0855,37281.816,43200.0,232.36363,308.0,2017,8,31,19,570.0,2.8,,тиха
2017-08-31 20:00:00,17.041666,23.1,0.22141667,0.353,0.162,0.316,0.08833334,0.172,0.071550004,0.123,0.040466666,0.08,46675.0,51400.0,399.83334,479.0,2017,8,31,20,569.0,2.6,,тиха
2017-08-31 21:00:00,18.183332,22.8,0.21208334,0.347,0.16441667,0.309,0.086950004,0.19,0.073241666,0.178,0.034325,0.0712,47291.668,48900.0,420.91666,484.0,2017,8,31,21,568.0,2.3,,тиха
2017-08-31 22:00:00,23.408333,36.4,0.25066665,0.483,0.17333333,0.26,0.078666665,0.142,0.06605833,0.131,0.036475,0.0879,53183.332,57900.0,498.83334,578.0,2017,8,31,22,562.0,2.1,,тиха
2017-08-31 23:00:00,19.208334,36.1,0.24316667,0.495,0.17683333,0.272,0.098641664,0.181,0.082783334,0.16,0.038283333,0.0651,55975.0,59300.0,552.1667,625.0,2017,8,31,23,555.0,2.9,,тиха
2017-09-01 00:00:00,11.685833,22.9,0.25758335,0.518,0.1825,0.273,0.09224167,0.209,0.072450005,0.126,0.036766667,0.0645,49658.332,54200.0,387.75,516.0,2017,9,1,0,556.0,3.0,93.0,тиха
2017-09-01 01:00:00,5.290833,6.92,0.22866666,0.324,0.17175,0.264,0.07789167,0.143,0.0622,0.132,0.032225,0.0679,50075.0,55800.0,333.0,436.0,2017,9,1,1,554.0,2.1,,тиха
2017-09-01 02:00:00,6.6141667,11.5,0.23758334,0.341,0.15699999,0.219,0.08510833,0.161,0.06631667,0.15,0.030783333,0.064,57058.332,61800.0,516.25,559.0,2017,9,1,2,536.0,1.5,,тиха
2017-09-01 03:00:00,4.8399997,9.15,0.31333333,0.766,0.1865,0.397,0.084183335,0.141,0.06893333,0.13,0.037724998,0.0645,36766.668,54500.0,242.51666,449.0,2017,9,1,3,537.0,1.8,,тиха
2017-09-01 04:00:00,6.1225,10.5,0.24875002,0.358,0.16775,0.32,0.079975,0.138,0.066275,0.109,0.038891666,0.0793,56000.0,67000.0,568.0833,854.0,2017,9,1,4,546.0,3.0,,тиха
2017-09-01 05:00:00,5.0883336,7.91,0.23091666,0.398,0.16649999,0.361,0.084858336,0.153,0.06855,0.142,0.036458332,0.0864,39525.0,52900.0,355.66666,566.0,2017,9,1,5,572.0,3.1,,тиха
2017-09-01 06:00:00,4.650833,7.43,0.22625,0.312,0.17458333,0.231,0.083966665,0.131,0.063041665,0.101,0.032258336,0.0496,30216.666,33200.0,260.58334,275.0,2017,9,1,6,568.0,2.6,,тиха
2017-09-01 07:00:00,4.1041665,6.19,0.29708335,0.593,0.1905,0.314,0.08896667,0.132,0.0717,0.121,0.037183333,0.0867,27158.334,30000.0,245.58333,280.0,2017,9,1,7,597.0,4.1,,тиха
2017-09-01 08:00:00,3.9658334,6.77,0.26425,0.449,0.16733332,0.267,0.09713334,0.206,0.07159167,0.118,0.039666664,0.0843,17233.334,22900.0,147.55,201.0,2017,9,1,8,604.0,5.2,,тиха
2017-09-01 09:00:00,2.2633333,3.89,0.22591667,0.459,0.17433333,0.362,0.08381667,0.149,0.067491665,0.125,0.031299997,0.0488,20483.334,26700.0,160.41667,237.0,2017,9,1,9,607.0,3.5,,тиха
2017-09-01 10:00:00,3.335,6.07,0.30816665,0.536,0.216,0.392,0.09075,0.12,0.070625,0.108,0.037516665,0.0669,16708.334,19500.0,121.799995,154.0,2017,9,1,10,648.0,2.1,,тиха
2017-09-01 11:00:00,1.6008334,2.39,0.23216666,0.394,0.16808333,0.251,0.09356666,0.123,0.07811666,0.112,0.05,0.0867,7475.0,16100.0,52.425003,82.3,2017,9,1,11,641.0,2.6,,тиха
2017-09-01 12:00:00,4.664167,27.9,0.22974999,0.347,0.17799999,0.309,0.08916666,0.151,0.0716,0.139,0.036325,0.0677,7482.5,13700.0,73.208336,162.0,2017,9,1,12,618.0,2.3,,тиха
2017-09-01 13:00:00,92.299995,192.0,0.259,0.486,0.18175,0.322,0.0921,0.122,0.07029167,0.102,0.040666666,0.0744,27100.0,37500.0,580.3333,1000.0,2017,9,1,13,620.0,2.2,,тиха
2017-09-01 14:00:00,13.267499,17.9,0.24133332,0.479,0.16641666,0.289,0.08396667,0.15,0.064224996,0.11,0.033066668,0.0595,43533.332,48100.0,1334.1666,1570.0,2017,9,1,14,617.0,2.5,,тиха
2017-09-01 15:00:00,9.836667,13.6,0.23325,0.349,0.16008334,0.309,0.07635833,0.13,0.060124997,0.113,0.032933332,0.0867,53525.0,56700.0,1819.1666,2070.0,2017,9,1,15,659.0,2.1,,тиха
2017-09-01 16:00:00,15.474999,22.9,0.25333333,0.401,0.19883333,0.355,0.09131667,0.153,0.07095,0.108,0.04095,0.0719,62133.332,66600.0,2459.1667,2790.0,2017,9,1,16,614.0,2.3,,тиха
2017-09-01 17:00:00,14.208333,18.4,0.24858333,0.392,0.21008332,0.354,0.118775,0.202,0.09080001,0.191,0.041291665,0.0988,69883.336,74800.0,2957.5,3360.0,2017,9,1,17,642.0,2.2,,тиха
2017-09-01 18:00:00,27.933334,41.2,0.27925,0.556,0.19016667,0.348,0.105375,0.192,0.08833334,0.165,0.046033334,0.0793,83075.0,87900.0,4348.3335,4800.0,2017,9,1,18,668.0,1.9,,тиха
2017-09-01 19:00:00,24.4,29.4,0.21749999,0.347,0.17408334,0.309,0.0801,0.118,0.059750002,0.0858,0.027874999,0.0369,85150.0,88200.0,4582.5,4980.0,2017,9,1,19,641.0,2.1,,тиха
2017-09-01 20:00:00,33.941666,50.3,0.25149998,0.44,0.16675,0.206,0.100499995,0.133,0.07975834,0.117,0.046725,0.0763,86125.0,91200.0,4558.3335,5330.0,2017,9,1,20,640.0,1.9,,тиха
2017-09-01 21:00:00,22.125,36.2,0.26016667,0.676,0.16716667,0.277,0.080175005,0.128,0.06405833,0.0983,0.033549998,0.0544,76633.336,86600.0,3594.1667,4420.0,2017,9,1,21,616.0,2.6,,тиха
2017-09-01 22:00:00,20.441668,31.2,0.30283335,0.629,0.23275,0.385,0.101,0.171,0.08224167,0.141,0.045625,0.0759,77433.336,84800.0,3280.8333,3980.0,2017,9,1,22,619.0,2.2,,тиха
2017-09-01 23:00:00,22.808332,37.8,0.23533334,0.394,0.16983335,0.228,0.092316665,0.147,0.07455,0.136,0.037691668,0.0765,61983.332,67900.0,2015.8334,2560.0,2017,9,1,23,594.0,2.7,,тиха
2017-09-02 00:00:00,26.466667,35.4,0.278,0.592,0.16983335,0.344,0.07833333,0.112,0.061633334,0.101,0.03515,0.0759,61900.0,65300.0,1870.8334,2100.0,2017,9,2,0,589.0,2.7,100.0,тиха
2017-09-02 01:00:00,18.345,27.1,0.26916668,0.488,0.16383334,0.306,0.06889167,0.0851,0.056525003,0.0728,0.030366667,0.048,54116.668,57000.0,1309.1666,1540.0,2017,9,2,1,577.0,3.2,,тиха
2017-09-02 02:00:00,7.550833,13.1,0.31133333,0.671,0.20025001,0.349,0.102741666,0.185,0.084275,0.174,0.041716665,0.0759,31025.0,49000.0,483.83334,977.0,2017,9,2,2,578.0,3.3,,тиха
2017-09-02 03:00:00,6.3133335,11.2,0.2615,0.432,0.17283332,0.331,0.082925,0.103,0.064783335,0.081,0.035933334,0.0561,29616.666,41100.0,357.83334,603.0,2017,9,2,3,572.0,3.3,,тиха
2017-09-02 04:00:00,19.969168,71.5,0.21375,0.35,0.15075,0.2,0.078675,0.138,0.06668333,0.122,0.037108336,0.0604,31350.0,55300.0,421.83334,1410.0,2017,9,2,4,574.0,3.2,,тиха
2017-09-02 05:00:00,55.391666,92.1,0.25883332,0.482,0.1875,0.339,0.082175,0.112,0.06994167,0.101,0.039483335,0.0759,51808.332,68000.0,1548.3334,2150.0,2017,9,2,5,584.0,2.1,,тиха
2017-09-02 06:00:00,30.466667,47.7,0.23775,0.414,0.15583333,0.317,0.07314167,0.102,0.06195,0.0909,0.036133334,0.066,39550.0,43400.0,1132.5834,1230.0,2017,9,2,6,577.0,2.5,,тиха
2017-09-02 07:00:00,18.67,46.3,0.20866667,0.304,0.15866667,0.266,0.08605834,0.122,0.06753334,0.0877,0.035616666,0.0611,50608.332,110000.0,2184.8333,7650.0,2017,9,2,7,573.0,2.2,,тиха
2017-09-02 08:00:00,48.316666,120.0,0.28916666,0.509,0.20366667,0.412,0.093275,0.168,0.07074167,0.113,0.039166667,0.0759,103933.336,124000.0,7353.3335,10500.0,2017,9,2,8,571.0,2.3,,тиха
2017-09-02 09:00:00,7.5266666,11.7,0.27566668,0.723,0.18608333,0.357,0.104875,0.185,0.08301667,0.137,0.045508336,0.0858,46850.0,74000.0,1786.5834,3510.0,2017,9,2,9,570.0,2.1,,тиха
2017-09-02 10:00:00,9.322499,14.9,0.21491666,0.305,0.16741668,0.268,0.08460834,0.141,0.064791664,0.13,0.033216666,0.0685,52775.0,69000.0,2243.3333,3520.0,2017,9,2,10,565.0,2.2,,тиха
2017-09-02 11:00:00,12.216667,18.1,0.27275,0.666,0.17750001,0.382,0.08780833,0.128,0.073233336,0.117,0.041516665,0.08,66300.0,72000.0,3256.6667,3760.0,2017,9,2,11,564.0,2.2,,тиха
2017-09-02 12:00:00,8.681666,13.3,0.291,0.615,0.19408333,0.368,0.09876666,0.236,0.0816,0.199,0.048108336,0.11,61958.332,63600.0,2724.1667,2830.0,2017,9,2,12,563.0,1.8,,тиха
2017-09-02 13:00:00,6.5658336,12.3,0.24266666,0.488,0.17650001,0.343,0.09610834,0.147,0.07768333,0.13,0.03840833,0.0734,64141.668,71300.0,2980.8333,3530.0,2017,9,2,13,561.0,1.8,,тиха
2017-09-02 14:00:00,7.6075,10.5,0.235,0.348,0.16241667,0.272,0.08918333,0.117,0.07080833,0.106,0.039625,0.0809,79158.336,83300.0,4438.3335,4760.0,2017,9,2,14,561.0,1.3,,тиха
2017-09-02 15:00:00,14.107499,18.0,0.23541667,0.348,0.16608334,0.306,0.08335834,0.129,0.065925,0.118,0.034941666,0.0712,94808.336,104000.0,5697.5,6580.0,2017,9,2,15,559.0,1.3,,тиха
2017-09-02 16:00:00,22.65,39.1,0.29925,0.68,0.19575,0.306,0.078575,0.126,0.059158336,0.0953,0.029333333,0.0432,118000.0,125000.0,9022.5,10900.0,2017,9,2,16,557.0,1.7,,тиха
2017-09-02 17:00:00,30.4,59.3,0.26366666,0.487,0.17816667,0.252,0.09990833,0.128,0.077133335,0.117,0.042083334,0.0858,136666.67,148000.0,13891.667,16700.0,2017,9,2,17,556.0,2.4,,тиха
2017-09-02 18:00:00,38.225002,59.3,0.19483334,0.299,0.14108334,0.188,0.0785,0.128,0.064733334,0.117,0.031708334,0.0487,155333.33,159000.0,19991.666,22000.0,2017,9,2,18,556.0,2.7,,тиха
2017-09-02 19:00:00,38.641666,50.4,0.21108334,0.297,0.15275,0.259,0.083233334,0.144,0.061833333,0.104,0.029333333,0.0401,164333.33,169000.0,23966.666,25700.0,2017,9,2,19,556.0,2.8,,тиха
2017-09-02 20:00:00,45.25833,77.7,0.26233333,0.491,0.19749999,0.312,0.09510833,0.124,0.06784167,0.1,0.037658334,0.0753,166166.67,170000.0,24891.666,26800.0,2017,9,2,20,558.0,3.3,,тиха
2017-09-02 21:00:00,50.516666,89.1,0.28575,0.617,0.21700001,0.417,0.11268333,0.189,0.090066664,0.166,0.044166666,0.1,161000.0,165000.0,23675.0,24700.0,2017,9,2,21,557.0,3.1,,тиха
2017-09-02 22:00:00,43.391666,71.2,0.25633332,0.437,0.196,0.4,0.11041667,0.32,0.0814,0.199,0.038399998,0.0605,150666.67,160000.0,20533.334,24100.0,2017,9,2,22,554.0,3.1,,тиха
2017-09-02 23:00:00,31.766668,59.0,0.32091668,0.483,0.21583332,0.378,0.12706666,0.317,0.0885,0.206,0.039625,0.0729,128333.336,142000.0,12750.0,16600.0,2017,9,2,23,549.0,2.3,,тиха
2017-09-03 00:00:00,33.841667,49.9,0.32025,0.595,0.20883334,0.305,0.1033,0.169,0.073775,0.158,0.037750002,0.0803,145166.67,149000.0,16291.667,18200.0,2017,9,3,0,550.0,1.4,120.0,тиха
2017-09-03 01:00:00,17.175001,24.3,0.30916667,0.582,0.21966666,0.382,0.0849,0.122,0.062591664,0.0779,0.03305,0.0531,128750.0,139000.0,12000.0,14700.0,2017,9,3,1,539.0,1.7,,тиха
2017-09-03 02:00:00,14.849999,24.6,0.30258334,0.477,0.19666666,0.354,0.078708336,0.107,0.057508335,0.0729,0.0292,0.0431,106325.0,118000.0,7565.0,9670.0,2017,9,3,2,550.0,1.6,,тиха
2017-09-03 03:00:00,10.786667,14.9,0.25375,0.555,0.17016667,0.3,0.09618333,0.175,0.07541666,0.145,0.032933336,0.0542,105891.664,114000.0,6961.6665,8290.0,2017,9,3,3,547.0,1.6,,тиха
2017-09-03 04:00:00,5.6525,11.5,0.2795,0.524,0.20183332,0.328,0.08765834,0.195,0.070716664,0.149,0.03911667,0.0679,76000.0,98400.0,3464.1667,5770.0,2017,9,3,4,553.0,1.0,,тиха
2017-09-03 05:00:00,4.9008336,8.97,0.31316665,0.554,0.21925001,0.517,0.108891666,0.219,0.0834,0.141,0.0368,0.0623,64633.332,81200.0,2530.0,3640.0,2017,9,3,5,547.0,1.1,,тиха
2017-09-03 06:00:00,4.835833,6.86,0.30733332,0.637,0.22116667,0.391,0.102416664,0.157,0.08161666,0.146,0.043816667,0.0753,67508.336,74300.0,2774.1667,3010.0,2017,9,3,6,548.0,0.9,,тиха
2017-09-03 07:00:00,4.4741664,5.87,0.30633333,0.504,0.21808334,0.325,0.09058333,0.161,0.07105833,0.147,0.032866668,0.0599,61541.668,63800.0,2630.8333,2700.0,2017,9,3,7,507.0,1.4,,тиха
2017-09-03 08:00:00,4.505833,6.62,0.31916666,0.605,0.21316667,0.346,0.108399995,0.138,0.075341664,0.125,0.035983335,0.0883,60025.0,66100.0,2653.3333,3060.0,2017,9,3,8,497.0,1.9,,тиха
2017-09-03 09:00:00,4.3266664,6.39,0.33383334,0.724,0.21749999,0.4,0.108383335,0.135,0.07598334,0.12,0.039841667,0.0803,55566.668,63800.0,2344.1667,2890.0,2017,9,3,9,493.0,2.1,,тиха
2017-09-03 10:00:00,2.9408333,4.01,0.27375,0.398,0.2065,0.301,0.107441664,0.151,0.075891666,0.11,0.04264167,0.0704,64741.668,74400.0,2900.0,3760.0,2017,9,3,10,503.0,1.5,,тиха
2017-09-03 11:00:00,4.460833,6.49,0.29275,0.618,0.18333334,0.367,0.091775,0.126,0.06569167,0.0932,0.031666666,0.0654,84083.336,93100.0,4889.1665,5650.0,2017,9,3,11,488.0,1.6,,тиха
2017-09-03 12:00:00,4.4691668,6.88,0.27725002,0.416,0.20583333,0.312,0.10108334,0.143,0.079291664,0.123,0.04344167,0.0753,89875.0,98600.0,5613.3335,6530.0,2017,9,3,12,469.0,2.0,,тиха
2017-09-03 13:00:00,6.1783333,8.51,0.27575,0.427,0.20708334,0.348,0.098574996,0.151,0.07001667,0.14,0.032541666,0.0579,98850.0,104000.0,6810.0,7500.0,2017,9,3,13,466.0,2.1,,тиха
2017-09-03 14:00:00,9.641667,19.2,0.31466666,0.569,0.24041666,0.532,0.1212,0.288,0.081983335,0.189,0.037391666,0.0605,102683.336,109000.0,7462.5,8130.0,2017,9,3,14,467.0,2.7,,тиха
2017-09-03 15:00:00,44.454166,101.0,0.30258334,0.536,0.19983333,0.308,0.10719166,0.229,0.084241666,0.149,0.041808333,0.0872,123666.664,143000.0,10634.167,15100.0,2017,9,3,15,463.0,2.6,,тиха
2017-09-03 16:00:00,18.949999,29.8,0.2585,0.466,0.17725001,0.322,0.088975005,0.132,0.06776667,0.0928,0.036316667,0.0679,157583.33,167000.0,20441.666,24400.0,2017,9,3,16,460.0,2.3,,тиха
2017-09-03 17:00:00,16.866667,23.9,0.24683332,0.385,0.182,0.291,0.09615,0.141,0.068741664,0.131,0.036050003,0.0885,170583.33,176000.0,26100.0,29300.0,2017,9,3,17,462.0,2.0,,тиха
2017-09-03 18:00:00,17.616667,18.8,0.23816667,0.332,0.2,0.295,0.11709166,0.145,0.07463334,0.0991,0.03644167,0.0679,175583.33,178000.0,29158.334,31200.0,2017,9,3,18,461.0,1.7,,тиха
2017-09-03 19:00:00,25.308334,34.6,0.29475,0.766,0.19966666,0.497,0.09415,0.141,0.07011667,0.112,0.039883334,0.0666,180416.67,186000.0,32341.666,34800.0,2017,9,3,19,474.0,1.2,,тиха
2017-09-03 20:00:00,25.341667,38.0,0.27508333,0.412,0.20066667,0.356,0.09871667,0.149,0.07751667,0.134,0.041925,0.0864,179750.0,186000.0,32591.666,33400.0,2017,9,3,20,463.0,2.1,,тиха
2017-09-03 21:00:00,30.916666,48.7,0.24108332,0.409,0.16883333,0.313,0.08934999,0.161,0.072475,0.142,0.037866667,0.0864,182333.33,189000.0,34516.668,38200.0,2017,9,3,21,467.0,2.7,,тиха
2017-09-03 22:00:00,31.333334,38.6,0.26283333,0.397,0.19625,0.359,0.091375,0.133,0.07395833,0.121,0.043258335,0.079,178666.67,186000.0,32933.332,35800.0,2017,9,3,22,470.0,2.7,,тиха
2017-09-03 23:00:00,23.125,35.4,0.25116667,0.358,0.17425,0.237,0.10258333,0.162,0.0805,0.14,0.040441666,0.0765,176000.0,176000.0,29716.666,30600.0,2017,9,3,23,486.0,2.0,,тиха
2017-09-04 00:00:00,14.255,25.2,0.23566668,0.403,0.15316667,0.209,0.08658334,0.145,0.06883333,0.113,0.038808335,0.0814,155333.33,176000.0,21207.5,29000.0,2017,9,4,0,499.0,2.0,140.0,тиха
2017-09-04 01:00:00,16.526667,31.6,0.29433334,0.525,0.20483333,0.378,0.105524994,0.175,0.07966667,0.134,0.040466666,0.0765,153666.67,165000.0,21050.0,24900.0,2017,9,4,1,471.0,2.5,,тиха
2017-09-04 02:00:00,13.037499,22.6,0.24858333,0.339,0.16091667,0.263,0.08690833,0.116,0.06799167,0.104,0.037225,0.0666,134000.0,151000.0,15775.0,21900.0,2017,9,4,2,464.0,2.5,,тиха
2017-09-04 03:00:00,6.4991665,15.2,0.28833333,0.698,0.18608333,0.345,0.08455,0.174,0.06624167,0.123,0.033683334,0.0562,99141.664,124000.0,7747.5,12800.0,2017,9,4,3,468.0,2.0,,тиха
2017-09-04 04:00:00,10.767501,16.6,0.256,0.425,0.17125,0.281,0.089724995,0.156,0.07266667,0.144,0.04103333,0.0935,116916.664,122000.0,11185.0,12500.0,2017,9,4,4,467.0,1.6,,тиха
2017-09-04 05:00:00,6.724167,9.71,0.27883333,0.409,0.20191668,0.361,0.084475,0.118,0.063891664,0.0917,0.033716667,0.0666,101866.664,106000.0,8288.333,9160.0,2017,9,4,5,463.0,1.6,,тиха
2017-09-04 06:00:00,6.0575004,10.2,0.26616666,0.471,0.17449999,0.327,0.08304167,0.152,0.06803333,0.14,0.034191664,0.0543,87675.0,100000.0,6520.0,8770.0,2017,9,4,6,452.0,2.3,,тиха
2017-09-04 07:00:00,6.4658337,10.1,0.26208332,0.593,0.17150001,0.294,0.085483335,0.145,0.068558335,0.134,0.031716663,0.0523,90600.0,100000.0,7410.8335,8950.0,2017,9,4,7,,,,тиха
2017-09-04 08:00:00,4.0108333,5.08,0.256,0.432,0.19583333,0.336,0.086625,0.145,0.070033334,0.134,0.036491666,0.0546,73483.336,79300.0,5048.3335,5850.0,2017,9,4,8,,,,тиха
2017-09-04 09:00:00,3.2683334,4.42,0.30341667,0.518,0.22033334,0.302,0.105925,0.162,0.081975,0.134,0.046483334,0.0765,60475.0,68500.0,3715.8333,4480.0,2017,9,4,9,,,,тиха
2017-09-04 10:00:00,3.1791668,4.74,0.25216666,0.372,0.18183333,0.28,0.101900004,0.15,0.081675,0.12,0.054125,0.0894,64383.332,68400.0,4122.5,4710.0,2017,9,4,10,,,,тиха
2017-09-04 11:00:00,5.2741666,7.98,0.29508334,0.657,0.18691666,0.276,0.08952499,0.166,0.06398333,0.11,0.033633333,0.0684,79933.336,88200.0,6345.8335,7430.0,2017,9,4,11,,,,тиха
2017-09-04 12:00:00,2.9650002,4.85,0.21775,0.428,0.1535,0.239,0.08921667,0.179,0.071216665,0.144,0.037233334,0.0679,80516.664,88700.0,6080.0,7420.0,2017,9,4,12,,,,тиха
2017-09-04 13:00:00,3.0616665,3.86,0.27583334,0.551,0.19283332,0.329,0.10454167,0.17,0.083783336,0.159,0.041341666,0.0611,76733.336,85900.0,6015.8335,7540.0,2017,9,4,13,,,,тиха
2017-09-04 14:00:00,7.2791667,10.8,0.23133333,0.409,0.17058332,0.313,0.08650833,0.178,0.07066666,0.166,0.037375,0.0888,83025.0,90200.0,8552.5,10500.0,2017,9,4,14,,,,тиха
2017-09-04 15:00:00,15.25,23.7,0.24283333,0.39,0.16625,0.352,0.07890833,0.108,0.06515833,0.096,0.0339,0.0492,105325.0,116000.0,13983.333,16100.0,2017,9,4,15,460.0,6.0,,тиха
2017-09-04 16:00:00,20.141666,33.9,0.26483333,0.735,0.17941667,0.303,0.09185833,0.142,0.074275,0.131,0.0412,0.0858,115666.664,122000.0,15900.0,17200.0,2017,9,4,16,458.0,7.8,,тиха
2017-09-04 17:00:00,28.233332,51.7,0.28225002,0.545,0.21325,0.331,0.10987499,0.198,0.08739167,0.186,0.050633337,0.0864,133333.33,151000.0,22350.0,28200.0,2017,9,4,17,463.0,7.6,,тиха
2017-09-04 18:00:00,45.425,71.8,0.25316665,0.466,0.17650001,0.322,0.08140833,0.147,0.0659,0.135,0.035033334,0.0715,167666.67,176000.0,37216.668,41000.0,2017,9,4,18,477.0,5.9,,тиха
2017-09-04 19:00:00,52.399998,87.3,0.30808333,0.459,0.22408332,0.326,0.08665001,0.121,0.06814166,0.109,0.0397,0.0839,161500.0,174000.0,37116.668,41700.0,2017,9,4,19,478.0,6.7,,тиха
2017-09-04 20:00:00,50.63333,77.4,0.27766666,0.447,0.20975,0.408,0.08849167,0.171,0.069408335,0.116,0.035375,0.0593,114166.664,139000.0,18266.666,28100.0,2017,9,4,20,501.0,4.2,,тиха
2017-09-04 21:00:00,35.466667,64.6,0.26308334,0.824,0.18699999,0.491,0.08628333,0.169,0.06995,0.127,0.040016666,0.0865,114333.336,124000.0,15433.333,17600.0,2017,9,4,21,516.0,4.6,,тиха
2017-09-04 22:00:00,40.516666,61.8,0.78116673,2.06,0.32799998,0.64,0.14265,0.234,0.092675,0.188,0.039491665,0.0668,112525.0,128000.0,14996.667,18800.0,2017,9,4,22,523.0,4.8,,тиха
2017-09-04 23:00:00,62.508335,81.0,6.2316666,8.69,2.8858335,4.46,0.42083335,0.626,0.16674167,0.244,0.060791668,0.0998,69616.664,84200.0,6190.8335,8470.0,2017,9,4,23,559.0,5.4,,тиха
2017-09-05 00:00:00,79.541664,87.5,16.895,24.4,7.9874997,11.4,0.6569167,0.943,0.2005,0.277,0.06379167,0.116,53158.332,60400.0,3685.8333,4880.0,2017,9,5,0,566.0,4.4,121.0,активна
2017-09-05 01:00:00,117.125,162.0,49.708332,72.1,18.841665,23.4,0.81100005,1.11,0.17845833,0.216,0.045874998,0.0715,45900.0,50300.0,2590.8333,3260.0,2017,9,5,1,583.0,2.1,,активна
2017-09-05 02:00:00,225.08333,305.0,105.61667,142.0,32.625,41.9,0.68558335,0.973,0.142325,0.199,0.044466663,0.0628,31350.0,40000.0,1389.1666,1950.0,2017,9,5,2,576.0,1.9,,активна
2017-09-05 03:00:00,368.0,417.0,166.66667,183.0,47.74167,51.3,0.48283336,0.971,0.10903334,0.138,0.053633332,0.0766,30658.334,37600.0,1335.0,1480.0,2017,9,5,3,577.0,1.9,,активна
2017-09-05 04:00:00,469.08334,588.0,216.16667,261.0,58.86667,68.0,0.62775,1.06,0.11900833,0.205,0.039141666,0.0657,32708.334,35300.0,1525.0,1680.0,2017,9,5,4,570.0,1.9,,активна
2017-09-05 05:00:00,725.5,826.0,289.58334,308.0,67.71667,71.5,0.7135833,1.08,0.13615833,0.236,0.046016667,0.0994,26033.334,31200.0,1303.3334,1490.0,2017,9,5,5,558.0,2.2,,активна
2017-09-05 06:00:00,951.8333,1020.0,329.5,348.0,69.23334,75.1,0.72033334,1.28,0.12890834,0.212,0.040991668,0.0677,19558.334,25100.0,1126.3334,1370.0,2017,9,5,6,551.0,1.8,,активна
2017-09-05 07:00:00,997.0,1080.0,346.5,368.0,77.71667,82.8,0.639,1.39,0.11649167,0.21,0.046116665,0.0933,32758.334,40400.0,1748.3334,2190.0,2017,9,5,7,550.0,1.5,,активна
2017-09-05 08:00:00,881.0,958.0,300.83334,332.0,73.333336,80.2,0.6588333,0.976,0.12649167,0.227,0.045325,0.09,37041.668,39100.0,1842.5,1970.0,2017,9,5,8,551.0,1.3,,активна
2017-09-05 09:00:00,821.3333,846.0,301.91666,322.0,70.191666,73.7,0.6305,0.998,0.12471667,0.18,0.046758335,0.0635,34400.0,35600.0,1684.1666,1750.0,2017,9,5,9,547.0,1.0,,активна
2017-09-05 10:00:00,840.5833,882.0,314.41666,331.0,68.916664,77.8,0.55191666,0.96,0.101749994,0.141,0.039183334,0.0618,35908.332,38600.0,1770.8334,1990.0,2017,9,5,10,523.0,0.8,,активна
2017-09-05 11:00:00,807.5,897.0,346.41666,405.0,86.69167,102.0,0.6954167,1.04,0.1269,0.233,0.048608333,0.0939,37941.668,39800.0,1972.5,2060.0,2017,9,5,11,540.0,0.9,,активна
2017-09-05 12:00:00,750.25,857.0,315.33334,344.0,79.75,87.2,0.78758335,1.21,0.150025,0.239,0.058,0.0876,44900.0,49300.0,2200.8333,2530.0,2017,9,5,12,526.0,1.0,,активна
2017-09-05 13:00:00,683.25,744.0,307.58334,340.0,78.933334,87.4,0.6263333,0.989,0.12184999,0.203,0.050358336,0.0921,53308.332,57100.0,2724.1667,2970.0,2017,9,5,13,480.0,1.2,,активна
2017-09-05 14:00:00,541.5,609.0,264.16666,288.0,76.26667,79.6,0.7865,1.08,0.14077501,0.21,0.04829167,0.0783,59958.332,62600.0,3225.0,3510.0,2017,9,5,14,474.0,1.5,,активна
2017-09-05 15:00:00,483.58334,506.0,260.58334,285.0,81.76667,98.6,0.68041664,1.23,0.115258336,0.147,0.04419167,0.0708,67033.336,71300.0,3924.1667,4290.0,2017,9,5,15,502.0,1.3,,активна
2017-09-05 16:00:00,406.33334,459.0,224.58333,249.0,76.38333,80.3,0.4945,0.84,0.095775,0.171,0.042358335,0.0791,74766.664,79300.0,4898.3335,5590.0,2017,9,5,16,498.0,1.2,,активна
2017-09-05 17:00:00,567.5833,713.0,307.08334,374.0,89.666664,103.0,0.73333335,1.37,0.12771668,0.224,0.04419167,0.105,84325.0,91700.0,6626.6665,7600.0,2017,9,5,17,472.0,1.6,,активна
2017-09-05 18:00:00,734.1667,994.0,382.83334,491.0,98.74167,122.0,0.62841666,1.01,0.12716667,0.202,0.056733336,0.0948,84950.0,88100.0,7125.0,7810.0,2017,9,5,18,452.0,2.3,,активна
2017-09-05 19:00:00,1285.5834,1580.0,540.3333,587.0,134.66667,150.0,0.7173333,1.24,0.115399994,0.199,0.049675003,0.0757,99583.336,104000.0,8038.3335,8460.0,2017,9,5,19,447.0,2.4,,активна
2017-09-05 20:00:00,1000.9167,1270.0,380.83334,472.0,113.75,126.0,0.6145833,1.02,0.10751667,0.201,0.050874997,0.0826,109916.664,115000.0,9933.333,11700.0,2017,9,5,20,446.0,2.2,,активна
2017-09-05 21:00:00,789.4167,883.0,297.25,333.0,92.43333,105.0,0.54625,1.12,0.09035,0.201,0.04109167,0.0762,113333.336,119000.0,11191.667,12200.0,2017,9,5,21,447.0,2.6,,активна
2017-09-05 22:00:00,707.75,750.0,262.83334,288.0,84.674995,93.9,0.55558336,0.849,0.110199995,0.178,0.054550003,0.102,105250.0,109000.0,9760.833,10300.0,2017,9,5,22,446.0,3.2,,активна
2017-09-05 23:00:00,734.6667,776.0,219.91667,251.0,67.174995,80.0,0.5693333,1.24,0.10729167,0.178,0.04599167,0.0907,99383.336,104000.0,8360.833,9030.0,2017,9,5,23,447.0,2.9,,активна
2017-09-06 00:00:00,695.9167,778.0,153.33333,170.0,45.591663,52.1,0.37900004,0.644,0.08121667,0.134,0.038775,0.0698,94925.0,98800.0,7293.3335,8080.0,2017,9,6,0,452.0,2.3,133.0,активна
2017-09-06 01:00:00,700.5,811.0,166.41667,202.0,48.899998,56.9,0.3925,0.799,0.084075004,0.174,0.038625,0.0669,86758.336,91300.0,6000.8335,6530.0,2017,9,6,1,454.0,2.2,,активна
2017-09-06 02:00:00,580.0833,715.0,137.5,169.0,35.758335,44.9,0.30833334,0.557,0.07351667,0.138,0.036966667,0.0574,79541.664,83200.0,4900.8335,5380.0,2017,9,6,2,461.0,2.4,,активна
2017-09-06 03:00:00,523.0833,619.0,95.69167,115.0,21.875,24.5,0.30341667,0.527,0.077816665,0.139,0.035133336,0.0499,72866.664,75400.0,3920.0,4320.0,2017,9,6,3,456.0,4.9,,активна
2017-09-06 04:00:00,965.75,1100.0,123.75,142.0,21.158333,24.1,0.26433334,0.535,0.070925005,0.148,0.033183333,0.0797,59775.0,67900.0,2608.3333,3160.0,2017,9,6,4,454.0,4.5,,активна
2017-09-06 05:00:00,674.6667,887.0,100.083336,111.0,17.491667,20.1,0.26624998,0.623,0.07311667,0.182,0.03223333,0.0568,55741.668,64100.0,2446.6667,2790.0,2017,9,6,5,455.0,2.7,,активна
2017-09-06 06:00:00,649.8333,741.0,125.0,143.0,16.983334,18.7,0.30975,0.611,0.09312499,0.192,0.040516667,0.0801,51141.668,54500.0,2355.0,2420.0,2017,9,6,6,457.0,2.3,,активна
2017-09-06 07:00:00,1039.5,1280.0,194.33333,214.0,21.291666,23.8,0.2725,0.501,0.081575,0.17,0.041325,0.0872,48408.332,52400.0,2420.8333,2670.0,2017,9,6,7,449.0,2.4,,активна
2017-09-06 08:00:00,1575.8334,2030.0,179.83333,215.0,18.641666,21.9,0.28241667,0.574,0.08241666,0.173,0.037508335,0.0648,38425.0,45700.0,1903.3334,2280.0,2017,9,6,8,447.0,2.7,,активна
2017-09-06 09:00:00,1291.6666,1480.0,156.75,191.0,16.866667,19.8,0.21675001,0.262,0.066991664,0.109,0.037225,0.0797,43191.668,44700.0,2210.0,2340.0,2017,9,6,9,445.0,2.8,,активна
2017-09-06 10:00:00,1138.8334,1600.0,155.41667,193.0,16.875,19.3,0.28258333,0.484,0.085641675,0.141,0.03935,0.0722,45941.668,49600.0,2541.6667,2760.0,2017,9,6,10,445.0,2.4,,активна
2017-09-06 11:00:00,1203.3334,1460.0,165.83333,175.0,15.508334,16.8,0.23983334,0.41,0.07680833,0.125,0.03926667,0.0846,44225.0,46600.0,2702.5,2920.0,2017,9,6,11,442.0,2.9,,активна
2017-09-06 12:00:00,1317.5,1460.0,173.33333,188.0,16.283333,17.6,0.45391667,1.07,0.18079166,0.528,0.09011666,0.275,47783.332,51900.0,3335.0,3820.0,2017,9,6,12,442.0,2.1,,активна
2017-09-06 13:00:00,1100.75,1320.0,169.25,189.0,18.65,20.1,2.9158335,3.66,1.3119999,1.65,0.32383332,0.406,61316.668,69500.0,4699.1665,5570.0,2017,9,6,13,443.0,2.0,,активна
2017-09-06 14:00:00,813.9167,882.0,160.08333,181.0,19.741667,23.4,3.6274998,4.18,1.5283333,1.7,0.31258333,0.373,74183.336,79300.0,6198.3335,6670.0,2017,9,6,14,443.0,1.8,,активна
2017-09-06 15:00:00,1014.5833,1080.0,192.16667,209.0,26.558334,27.7,4.204167,4.56,1.5749999,1.83,0.29108334,0.394,83050.0,93200.0,7238.3335,8400.0,2017,9,6,15,442.0,1.6,,активна
2017-09-06 16:00:00,877.25,981.0,121.674995,154.0,21.666666,25.6,3.7808332,4.38,1.3905001,1.57,0.26366666,0.336,103858.336,109000.0,10922.5,12300.0,2017,9,6,16,424.0,1.1,,активна
2017-09-06 17:00:00,568.1667,647.0,71.74167,79.9,19.241667,22.1,3.0316668,3.89,1.03425,1.43,0.19758333,0.31,108916.664,109000.0,12300.0,12700.0,2017,9,6,17,395.0,1.1,,активна
2017-09-06 18:00:00,454.33334,484.0,60.5,66.5,19.016666,21.7,2.8383334,3.83,0.95991665,1.34,0.19833334,0.291,104000.0,104000.0,12025.0,12200.0,2017,9,6,18,370.0,2.3,,активна
2017-09-06 19:00:00,467.83334,516.0,55.458332,61.3,19.074999,22.7,2.8633335,3.97,0.88708335,1.25,0.15698333,0.245,105500.0,109000.0,12425.0,12700.0,2017,9,6,19,374.0,2.0,,активна
2017-09-06 20:00:00,435.25,480.0,50.875,58.9,19.841667,21.7,2.5483334,3.73,0.7149167,1.11,0.12541667,0.178,104083.336,105000.0,12233.333,12500.0,2017,9,6,20,412.0,0.7,,активна
2017-09-06 21:00:00,438.0,466.0,50.524998,55.7,21.058332,23.3,2.4624999,2.86,0.66858333,0.966,0.123975,0.217,107000.0,109000.0,12908.333,13300.0,2017,9,6,21,393.0,1.1,,активна
2017-09-06 22:00:00,527.0833,673.0,67.808334,81.0,25.824999,28.2,2.6299999,3.8,0.6853333,0.888,0.12969168,0.195,106416.664,109000.0,12975.0,13900.0,2017,9,6,22,397.0,1.3,,активна
2017-09-06 23:00:00,3762.3333,17300.0,324.67502,1210.0,38.166668,83.1,2.4525,3.29,0.56908333,0.7,0.102299996,0.168,110183.336,119000.0,14333.333,16200.0,2017,9,6,23,560.0,10.6,,активна
2017-09-07 00:00:00,15908.333,19200.0,615.75,708.0,35.433334,43.6,2.3158333,3.3,0.5405833,0.799,0.09210833,0.148,90858.336,110000.0,11017.5,14400.0,2017,9,7,0,579.0,17.5,129.0,активна
2017-09-07 01:00:00,11870.833,15400.0,400.41666,531.0,67.84167,102.0,4.6200004,6.8,0.80308336,1.16,0.08410833,0.127,66050.0,73600.0,6749.1665,7850.0,2017,9,7,1,592.0,13.0,,активна
2017-09-07 02:00:00,7450.0,8330.0,631.3333,872.0,205.25,270.0,9.295834,10.7,1.2133332,1.47,0.0756,0.127,53091.668,68800.0,5149.1665,6280.0,2017,9,7,2,599.0,7.7,,активна
2017-09-07 03:00:00,4970.0,5490.0,1014.1667,1070.0,294.25,317.0,10.599167,11.7,1.2147499,1.51,0.06776667,0.127,28172.5,46400.0,3496.6667,5020.0,2017,9,7,3,593.0,8.0,,активна
2017-09-07 04:00:00,4465.8335,4750.0,972.6667,1020.0,287.16666,299.0,10.45,11.2,1.1833333,1.45,0.057341665,0.12,1662.0834,3030.0,1294.1666,1410.0,2017,9,7,4,575.0,7.3,,активна
2017-09-07 05:00:00,4481.6665,4980.0,912.25,1020.0,251.83333,284.0,8.9800005,10.0,1.0353333,1.2,0.056083333,0.115,10177.5,17000.0,1557.5,1790.0,2017,9,7,5,564.0,6.1,,активна
2017-09-07 06:00:00,3244.1667,3830.0,616.3333,727.0,152.53334,192.0,5.655,7.56,0.77891666,1.2,0.07116667,0.127,12600.0,18200.0,1224.75,1740.0,2017,9,7,6,547.0,5.9,,активна
2017-09-07 07:00:00,2167.5,2460.0,454.58334,543.0,102.71667,129.0,2.8033333,3.5,0.38966668,0.537,0.054100003,0.136,10090.833,14400.0,813.8333,1070.0,2017,9,7,7,542.0,4.9,,активна
2017-09-07 08:00:00,1800.8334,2070.0,423.58334,474.0,85.066666,114.0,2.115,2.83,0.31441668,0.468,0.055033337,0.115,10378.333,11400.0,698.9167,783.0,2017,9,7,8,539.0,3.3,,активна
2017-09-07 09:00:00,2186.6667,2630.0,459.66666,554.0,97.674995,118.0,2.5,3.39,0.33491668,0.501,0.043283332,0.107,15195.0,24900.0,1157.4166,1760.0,2017,9,7,9,536.0,3.1,,активна
2017-09-07 10:00:00,2785.8333,3020.0,744.6667,957.0,173.58333,255.0,3.2683334,4.35,0.39675,0.588,0.063425,0.127,10502.5,12800.0,1278.5,1520.0,2017,9,7,10,518.0,3.1,,активна
2017-09-07 11:00:00,2538.3333,2750.0,636.0833,763.0,142.83333,182.0,5.3025002,8.01,0.65566665,1.15,0.040033337,0.0957,13380.0,18300.0,1134.9166,1460.0,2017,9,7,11,556.0,2.8,,активна
2017-09-07 12:00:00,1939.1666,2420.0,511.5,660.0,132.01666,166.0,4.0191665,7.61,0.5143333,1.21,0.052758336,0.127,8595.0,9710.0,792.0833,1040.0,2017,9,7,12,551.0,4.0,,активна
2017-09-07 13:00:00,1255.0,1390.0,326.66666,346.0,88.78333,94.2,2.5666666,3.02,0.37975,0.54,0.063725,0.127,12525.0,14900.0,649.6667,693.0,2017,9,7,13,537.0,4.3,,активна
2017-09-07 14:00:00,1115.0,1170.0,358.16666,411.0,109.416664,125.0,3.0816667,4.04,0.39266667,0.599,0.05101667,0.127,17891.666,19300.0,820.5833,945.0,2017,9,7,14,510.0,4.2,,активна
2017-09-07 15:00:00,931.25,1030.0,294.5,358.0,82.36667,105.0,2.2066667,2.92,0.27966666,0.411,0.035916667,0.0743,20600.0,22000.0,800.6667,880.0,2017,9,7,15,524.0,3.6,,активна
2017-09-07 16:00:00,859.9167,926.0,271.0,288.0,80.61667,87.3,1.9975,2.5,0.26258335,0.406,0.041841667,0.118,23575.0,24600.0,930.4167,1000.0,2017,9,7,16,535.0,2.7,,активна
2017-09-07 17:00:00,742.3333,775.0,246.58333,269.0,88.924995,97.7,2.1583333,2.97,0.25441667,0.424,0.034791667,0.0702,25150.0,26000.0,997.8333,1030.0,2017,9,7,17,494.0,2.7,,активна
2017-09-07 18:00:00,600.75,646.0,187.58333,199.0,75.98333,78.5,1.975,2.4,0.24491666,0.377,0.037258334,0.0944,25600.0,26000.0,960.5833,1000.0,2017,9,7,18,498.0,1.7,,активна
2017-09-07 19:00:00,671.2727,713.0,197.27272,210.0,80.23636,87.5,2.1054544,3.0,0.28890908,0.422,0.05506364,0.092,28309.092,29500.0,1053.7273,1090.0,2017,9,7,19,520.0,1.5,,активна
2017-09-07 20:00:00,816.9167,1120.0,285.58334,431.0,121.18333,182.0,2.9266665,4.17,0.30558333,0.391,0.033425,0.083,29550.0,31800.0,1346.6666,1790.0,2017,9,7,20,458.0,3.3,,активна
2017-09-07 21:00:00,1954.1666,3150.0,773.0833,1070.0,229.25,271.0,6.4150004,7.53,0.6325833,0.828,0.030808331,0.0541,28491.666,33400.0,1935.8334,2320.0,2017,9,7,21,462.0,1.5,,активна
2017-09-07 22:00:00,6137.5,8320.0,1058.4166,1160.0,214.16667,245.0,4.1524997,6.99,0.40333334,0.698,0.033333335,0.0872,29558.334,35600.0,2100.8333,2420.0,2017,9,7,22,555.0,3.6,,активна
2017-09-07 23:00:00,8985.833,14200.0,1527.1666,2890.0,339.08334,713.0,11.864166,27.1,1.2145833,2.65,0.026541667,0.0283,1208.6666,4860.0,1546.0834,3220.0,2017,9,7,23,745.0,1.0,,активна
2017-09-08 00:00:00,5642.5,8360.0,744.4167,1030.0,184.20833,279.0,12.383334,18.7,1.8191667,2.74,0.07196667,0.122,216.71667,667.0,763.75,930.0,2017,9,8,0,718.0,3.4,117.0,активна
2017-09-08 01:00:00,5160.8335,9380.0,516.9167,879.0,120.1,175.0,7.8575,10.1,1.1460834,1.57,0.039,0.123,235.75835,708.0,492.66666,877.0,2017,9,8,1,708.0,1.3,,активна
2017-09-08 02:00:00,2767.5,3120.0,351.25,375.0,88.725,94.9,5.5791664,6.42,0.80450004,0.98,0.026708333,0.0295,443.66666,898.0,373.91666,408.0,2017,9,8,2,710.0,2.5,,активна
2017-09-08 03:00:00,2674.1667,3330.0,332.58334,386.0,83.416664,96.6,4.349167,5.93,0.60525,0.909,0.028241666,0.0459,929.0833,1090.0,360.41666,425.0,2017,9,8,3,703.0,3.4,,активна
2017-09-08 04:00:00,3457.5,4230.0,489.5,655.0,119.299995,147.0,6.5783334,7.26,0.87575,1.04,0.026383333,0.0264,667.6667,1270.0,534.5,741.0,2017,9,8,4,674.0,3.0,,активна
2017-09-08 05:00:00,4132.5,4540.0,557.75,722.0,126.083336,163.0,5.5658336,7.82,0.6961667,0.968,0.026525,0.0268,2138.3333,3040.0,593.5,808.0,2017,9,8,5,671.0,4.8,,активна
2017-09-08 06:00:00,2219.1667,2590.0,301.83334,368.0,71.09167,86.5,3.2491665,5.2,0.44683334,0.788,0.026749998,0.0269,2279.1667,3530.0,332.16666,386.0,2017,9,8,6,713.0,2.7,,активна
2017-09-08 07:00:00,2329.1667,2560.0,255.75,283.0,55.55,62.0,2.0905,3.15,0.3035,0.457,0.032591667,0.068,2491.6667,3870.0,261.83334,303.0,2017,9,8,7,741.0,3.0,,активна
2017-09-08 08:00:00,2898.3333,3210.0,268.41666,284.0,53.024998,57.3,1.6409167,2.26,0.23016667,0.314,0.028216667,0.0422,2338.3333,2870.0,268.75,293.0,2017,9,8,8,769.0,5.7,,активна
2017-09-08 09:00:00,2585.0,2890.0,234.41667,249.0,44.858334,48.6,0.86474997,1.44,0.16341667,0.227,0.045075,0.07,1725.0,2020.0,237.83333,270.0,2017,9,8,9,762.0,7.0,,активна
2017-09-08 10:00:00,2210.0,2430.0,203.16667,223.0,38.008335,42.0,0.72,0.926,0.15084167,0.212,0.04569167,0.0659,1522.5,1640.0,210.0,233.0,2017,9,8,10,763.0,6.6,,активна
2017-09-08 11:00:00,1674.5834,2120.0,161.5,196.0,29.725,35.2,0.40766668,0.841,0.0883,0.164,0.033166666,0.0539,2188.3333,4080.0,173.91667,198.0,2017,9,8,11,764.0,3.9,,активна
2017-09-08 12:00:00,6120.5835,32500.0,65.59167,90.6,12.045834,16.6,0.24849999,0.497,0.068058334,0.144,0.029208332,0.0478,4426.9165,16600.0,79.275,120.0,2017,9,8,12,802.0,2.7,,активна
2017-09-08 13:00:00,6297.5,20800.0,44.399998,54.5,8.6275,10.2,0.20791668,0.261,0.06005,0.0791,0.027116666,0.0317,13912.684,31400.0,237.26666,491.0,2017,9,8,13,806.0,4.3,,активна
2017-09-08 14:00:00,535.4167,699.0,45.833332,52.3,8.7225,10.4,0.21716666,0.352,0.06194167,0.103,0.027625,0.0378,1237.99,3260.0,83.0,145.0,2017,9,8,14,787.0,4.9,,активна
2017-09-08 15:00:00,607.5,1310.0,34.541668,41.8,6.6583333,7.69,0.19366665,0.201,0.05874167,0.0591,0.0267,0.0267,4552.0835,10700.0,186.24165,428.0,2017,9,8,15,776.0,3.6,,тиха
2017-09-08 16:00:00,6871.6665,15800.0,35.216667,42.2,7.275833,9.6,0.19641666,0.211,0.058616668,0.059,0.0267,0.0267,12006.667,21600.0,324.41666,626.0,2017,9,8,16,795.0,3.0,,тиха
2017-09-08 17:00:00,2148.6667,7220.0,56.141666,59.7,10.3875,11.5,0.20941667,0.215,0.058041666,0.0582,0.0267,0.0267,23575.0,34800.0,1059.6666,1850.0,2017,9,8,17,777.0,2.8,,активна
2017-09-08 18:00:00,2196.6667,3100.0,59.75833,68.3,10.555833,11.6,0.2375,0.553,0.06815,0.179,0.029133333,0.0559,39816.668,60500.0,2759.1667,4290.0,2017,9,8,18,749.0,2.6,,активна
2017-09-08 19:00:00,1599.3334,2760.0,48.941666,54.7,9.894166,11.4,0.24374999,0.562,0.07355,0.179,0.034441665,0.0685,66533.336,73100.0,4326.6665,4770.0,2017,9,8,19,728.0,1.3,,активна
2017-09-08 20:00:00,965.5833,1450.0,58.466663,65.1,10.663333,11.5,0.23233335,0.261,0.077133335,0.105,0.04464167,0.0734,77716.664,83800.0,4620.8335,5410.0,2017,9,8,20,675.0,0.9,,активна
2017-09-08 21:00:00,1337.5,1720.0,41.208332,58.3,8.403334,9.82,0.21249999,0.249,0.0668,0.106,0.034525,0.0734,104275.0,116000.0,5638.3335,7220.0,2017,9,8,21,666.0,0.7,,тиха
2017-09-08 22:00:00,769.0833,949.0,37.466667,44.7,7.800833,8.84,0.21516667,0.254,0.072775,0.114,0.040400002,0.0813,119666.664,134000.0,7117.5,8250.0,2017,9,8,22,715.0,0.2,,тиха
2017-09-08 23:00:00,784.9167,1030.0,26.141668,38.4,6.355833,7.78,0.22808333,0.349,0.081541665,0.108,0.04571667,0.0734,166000.0,176000.0,12309.167,13900.0,2017,9,8,23,699.0,0.2,,тиха
2017-09-09 00:00:00,549.5,629.0,22.733332,23.9,6.045,6.55,0.21741666,0.386,0.07258333,0.125,0.0354,0.0685,151166.67,159000.0,10765.0,12300.0,2017,9,9,0,634.0,0.3,107.0,тиха
2017-09-09 01:00:00,424.83334,454.0,28.366667,31.8,5.775,6.57,0.19891667,0.228,0.06645,0.0937,0.0335,0.061,137833.33,146000.0,8130.0,9000.0,2017,9,9,1,614.0,0.3,,тиха
2017-09-09 02:00:00,360.91666,490.0,20.666666,24.1,4.7883334,5.17,0.20516665,0.317,0.07073333,0.109,0.033866666,0.0635,153000.0,159000.0,9301.667,10900.0,2017,9,9,2,656.0,0.3,,тиха
2017-09-09 03:00:00,298.08334,308.0,18.574999,20.5,4.6558332,5.37,0.1885,0.257,0.061924998,0.0915,0.027133333,0.0396,151000.0,151000.0,7872.5,8300.0,2017,9,9,3,606.0,0.3,,тиха
2017-09-09 04:00:00,291.41666,332.0,15.383334,18.1,3.9275,4.23,0.18866666,0.218,0.07315,0.0978,0.0396,0.0645,155583.33,159000.0,7635.0,8000.0,2017,9,9,4,564.0,0.5,,тиха
2017-09-09 05:00:00,230.33333,263.0,11.015834,14.3,3.4975002,3.89,0.17958333,0.206,0.062641665,0.087,0.02915,0.0536,157750.0,159000.0,8055.0,8340.0,2017,9,9,5,555.0,0.8,,тиха
2017-09-09 06:00:00,211.25,228.0,7.3641667,9.0,2.8275,3.5,0.18983333,0.217,0.077858336,0.103,0.04415,0.0695,172583.33,176000.0,10145.0,11100.0,2017,9,9,6,557.0,0.5,,тиха
2017-09-09 07:00:00,199.33333,213.0,6.5941663,8.0,2.8841667,3.52,0.17916667,0.206,0.06809167,0.0948,0.034333333,0.061,176166.67,178000.0,11508.333,11700.0,2017,9,9,7,556.0,0.6,,тиха
2017-09-09 08:00:00,215.41667,240.0,7.0375,8.21,2.8766668,3.26,0.18325,0.213,0.071575,0.102,0.037841666,0.0685,176583.33,182000.0,11691.667,12300.0,2017,9,9,8,563.0,0.5,,тиха
2017-09-09 09:00:00,209.75,233.0,4.8475003,6.68,2.0941668,2.77,0.18083334,0.213,0.076675,0.108,0.04258333,0.0738,180000.0,186000.0,12350.0,12800.0,2017,9,9,9,563.0,0.6,,тиха
2017-09-09 10:00:00,185.5,199.0,3.1108334,4.31,1.5136666,2.28,0.16675,0.208,0.072925,0.126,0.038516667,0.0913,181666.67,186000.0,12483.333,12800.0,2017,9,9,10,568.0,0.5,,тиха
2017-09-09 11:00:00,189.66667,208.0,2.5366666,3.59,1.1858333,1.99,0.16125,0.204,0.07281666,0.103,0.038108334,0.0685,184500.0,186000.0,12733.333,12800.0,2017,9,9,11,569.0,0.4,,тиха
2017-09-09 12:00:00,165.25,192.0,3.01,4.72,1.6135832,2.35,0.17466666,0.212,0.07989167,0.122,0.045516666,0.087,176000.0,176000.0,11625.0,12300.0,2017,9,9,12,569.0,0.3,,тиха
2017-09-09 13:00:00,224.66667,271.0,4.983333,6.48,1.9775,2.36,0.173,0.217,0.07845,0.117,0.044066668,0.0832,178833.33,186000.0,12258.333,13400.0,2017,9,9,13,568.0,0.3,,тиха
2017-09-09 14:00:00,223.16667,269.0,3.1233332,5.88,1.12875,2.25,0.16066666,0.193,0.078216664,0.106,0.043324996,0.0709,184083.33,186000.0,13325.0,13800.0,2017,9,9,14,573.0,0.3,,тиха
2017-09-09 15:00:00,192.75,222.0,2.7016666,3.32,1.1503333,1.66,0.16475,0.186,0.084699996,0.109,0.049683332,0.0735,186000.0,186000.0,14025.0,14200.0,2017,9,9,15,557.0,0.2,,тиха
2017-09-09 16:00:00,173.5,194.0,2.2116666,2.72,1.0459167,1.35,0.16616666,0.207,0.086575,0.106,0.051658332,0.0709,186000.0,186000.0,14958.333,15300.0,2017,9,9,16,566.0,0.2,,тиха
2017-09-09 17:00:00,130.175,163.0,1.2359167,1.72,0.75908333,0.951,0.15358333,0.191,0.082666665,0.113,0.047550004,0.0781,186000.0,186000.0,15391.667,15600.0,2017,9,9,17,564.0,0.2,,тиха
2017-09-09 18:00:00,92.65833,134.0,0.60775,0.886,0.461,0.647,0.14016667,0.167,0.078125,0.104,0.042866666,0.0688,186000.0,186000.0,15700.0,16000.0,2017,9,9,18,550.0,0.1,,тиха
2017-09-09 19:00:00,101.15833,155.0,0.67333335,1.37,0.4640833,0.788,0.13708334,0.168,0.07549167,0.107,0.040625,0.0771,186000.0,186000.0,15975.0,16200.0,2017,9,9,19,533.0,0.2,,тиха
2017-09-09 20:00:00,100.75833,154.0,0.52475,0.797,0.39,0.597,0.14583333,0.312,0.084175,0.194,0.045916665,0.0849,193833.33,197000.0,17050.0,17500.0,2017,9,9,20,499.0,0.3,,тиха
2017-09-09 21:00:00,106.333336,147.0,0.4498333,1.04,0.31825,0.661,0.12616667,0.221,0.070758335,0.121,0.03646667,0.0626,197000.0,197000.0,17091.666,17500.0,2017,9,9,21,488.0,0.3,,тиха
2017-09-09 22:00:00,108.28333,172.0,0.50675,0.914,0.36216667,0.572,0.14341666,0.249,0.0822,0.129,0.04479167,0.0697,197000.0,197000.0,17158.334,17600.0,2017,9,9,22,495.0,0.3,,тиха
2017-09-09 23:00:00,106.799995,146.0,0.43675002,0.691,0.30958334,0.451,0.129875,0.207,0.074658334,0.121,0.040425,0.0648,193083.33,197000.0,16591.666,16700.0,2017,9,9,23,473.0,0.6,,тиха
2017-09-10 00:00:00,121.59167,172.0,0.48316666,0.671,0.30366668,0.591,0.14925,0.292,0.08929166,0.185,0.047075,0.0829,192250.0,197000.0,16425.0,16600.0,2017,9,10,0,464.0,0.5,100.0,тиха
2017-09-10 01:00:00,100.43333,178.0,0.4664167,0.984,0.3375,0.515,0.122766666,0.156,0.07504167,0.106,0.040316667,0.0623,186416.67,195000.0,14666.667,16600.0,2017,9,10,1,470.0,0.4,,тиха
2017-09-10 02:00:00,105.55833,138.0,0.50158334,0.939,0.276,0.441,0.11934167,0.18,0.071491666,0.0993,0.0388,0.0697,176000.0,176000.0,12741.667,13300.0,2017,9,10,2,485.0,0.3,,тиха
2017-09-10 03:00:00,84.4,104.0,0.40891668,0.708,0.26583335,0.538,0.11969167,0.196,0.07261667,0.105,0.04058333,0.0672,176000.0,176000.0,12033.333,12300.0,2017,9,10,3,491.0,0.3,,тиха
2017-09-10 04:00:00,83.26667,102.0,0.45408332,0.659,0.298,0.491,0.13269167,0.28,0.07621667,0.177,0.028308332,0.0532,176000.0,176000.0,11508.333,11600.0,2017,9,10,4,497.0,0.3,,тиха
2017-09-10 05:00:00,91.674995,134.0,0.58433336,1.11,0.335,0.576,0.124225,0.176,0.08041667,0.132,0.041533332,0.0747,176000.0,176000.0,11366.667,11500.0,2017,9,10,5,472.0,0.7,,тиха
2017-09-10 06:00:00,103.28333,133.0,0.72991663,1.34,0.44725,0.841,0.14770834,0.319,0.086208336,0.202,0.036741666,0.0814,170916.67,176000.0,11000.0,11500.0,2017,9,10,6,459.0,0.6,,тиха
2017-09-10 07:00:00,144.83333,161.0,1.15675,2.0,0.5465,1.01,0.155375,0.373,0.08994167,0.198,0.04476667,0.0697,166666.67,167000.0,10850.0,11500.0,2017,9,10,7,467.0,0.4,,тиха
2017-09-10 08:00:00,153.10834,197.0,1.4514999,2.1,0.63124996,0.883,0.14533333,0.327,0.08279166,0.188,0.044133335,0.0747,167000.0,167000.0,11533.333,11900.0,2017,9,10,8,488.0,0.4,,тиха
2017-09-10 09:00:00,143.08333,193.0,0.8855,1.64,0.36208335,0.558,0.120683335,0.209,0.076225005,0.185,0.04025,0.0983,166833.33,167000.0,11658.333,12200.0,2017,9,10,9,509.0,0.4,,тиха
2017-09-10 10:00:00,143.08333,173.0,0.93325,1.38,0.43241668,0.693,0.14216666,0.164,0.08680833,0.11,0.049475,0.072,166833.33,167000.0,11725.0,11900.0,2017,9,10,10,509.0,0.6,,тиха
2017-09-10 11:00:00,166.91667,197.0,1.227,2.24,0.5125,0.871,0.130975,0.181,0.073125,0.118,0.042066667,0.082,161833.33,167000.0,11341.667,11700.0,2017,9,10,11,496.0,0.6,,тиха
2017-09-10 12:00:00,178.66667,224.0,1.3571666,1.98,0.50633335,0.858,0.12654166,0.151,0.07401667,0.101,0.042533334,0.0729,159083.33,160000.0,11141.667,11400.0,2017,9,10,12,499.0,0.5,,тиха
2017-09-10 13:00:00,196.25,237.0,1.4528333,2.19,0.534,0.839,0.146625,0.254,0.088675,0.122,0.050433334,0.0927,160583.33,164000.0,11550.0,12000.0,2017,9,10,13,499.0,0.5,,тиха
2017-09-10 14:00:00,215.16667,258.0,1.2488333,2.08,0.40675,0.645,0.12059167,0.179,0.07811666,0.128,0.047574997,0.094,163666.67,167000.0,12100.0,12800.0,2017,9,10,14,509.0,0.4,,тиха
2017-09-10 15:00:00,237.5,283.0,1.7608333,2.51,0.60425,0.778,0.1365,0.193,0.07965834,0.115,0.04354167,0.0851,157083.33,159000.0,11400.0,11700.0,2017,9,10,15,518.0,0.3,,тиха
2017-09-10 16:00:00,384.66666,719.0,34.621666,153.0,26.709585,123.0,16.716002,64.5,12.033259,38.0,3.2711582,8.99,154666.67,158000.0,11525.0,11800.0,2017,9,10,16,484.0,0.5,,активна
2017-09-10 17:00:00,1238.0834,1650.0,495.5,792.0,429.33334,695.0,141.09166,217.0,63.566666,92.6,21.133333,31.2,161166.67,166000.0,11791.667,12300.0,2017,9,10,17,482.0,0.7,,активна
2017-09-10 18:00:00,1937.5,2260.0,951.9167,1150.0,834.75,1010.0,289.83334,356.0,124.916664,153.0,38.325,44.9,166416.67,171000.0,11941.667,12400.0,2017,9,10,18,469.0,0.9,,дуже активна
2017-09-10 19:00:00,1964.1666,2180.0,813.75,1010.0,692.8333,871.0,273.41666,309.0,130.83333,144.0,41.2,45.7,163500.0,173000.0,12708.333,14200.0,2017,9,10,19,526.0,0.6,,активна
2017-09-10 20:00:00,1810.0,2050.0,734.6667,838.0,612.4167,680.0,256.5,275.0,130.08333,141.0,40.908333,45.7,153916.67,158000.0,11591.667,12400.0,2017,9,10,20,537.0,1.3,,активна
2017-09-10 21:00:00,2551.6667,3170.0,990.5,1140.0,800.9167,894.0,306.25,324.0,150.25,160.0,46.608334,49.6,164333.33,181000.0,14066.667,17700.0,2017,9,10,21,560.0,0.8,,активна
2017-09-10 22:00:00,2770.0,3500.0,1415.0,1540.0,1019.9167,1070.0,349.08334,377.0,171.25,191.0,52.933334,61.5,148000.0,167000.0,11500.0,14600.0,2017,9,10,22,552.0,2.6,,дуже активна
2017-09-10 23:00:00,3824.1667,4140.0,1310.8334,1410.0,952.25,988.0,338.5,351.0,162.83333,169.0,47.675,49.2,168416.67,178000.0,14800.0,17000.0,2017,9,10,23,559.0,3.1,,активна
2017-09-11 00:00:00,4891.6665,6400.0,1660.8334,1920.0,1102.9166,1230.0,366.16666,398.0,172.33333,185.0,48.850002,51.7,144500.0,152000.0,11150.833,13100.0,2017,9,11,0,566.0,4.8,80.0,дуже активна
2017-09-11 01:00:00,3895.0,5350.0,1823.3334,1960.0,1167.5,1230.0,387.08334,399.0,180.83333,185.0,50.041668,51.2,104200.0,129000.0,6556.6665,9310.0,2017,9,11,1,575.0,3.2,,дуже активна
2017-09-11 02:00:00,3224.1667,3480.0,1672.5,1760.0,1086.6666,1110.0,376.91666,384.0,177.75,180.0,48.100002,49.3,98750.0,116000.0,5792.5,7060.0,2017,9,11,2,564.0,4.0,,дуже активна
2017-09-11 03:00:00,2970.8333,3110.0,1616.6666,1690.0,1080.8334,1120.0,377.33334,388.0,174.66667,178.0,44.274998,45.7,101900.0,109000.0,6407.5,6720.0,2017,9,11,3,557.0,4.6,,дуже активна
2017-09-11 04:00:00,2975.0,3540.0,1797.5,2030.0,1071.6666,1100.0,363.66666,372.0,167.58333,171.0,41.425,42.9,77733.336,92100.0,4571.6665,5870.0,2017,9,11,4,556.0,3.6,,дуже активна
2017-09-11 05:00:00,3726.6667,4010.0,2120.8333,2240.0,1144.1666,1200.0,365.33334,374.0,162.83333,165.0,38.125,40.2,52458.332,60200.0,3320.8333,3680.0,2017,9,11,5,556.0,4.3,,дуже активна
2017-09-11 06:00:00,3605.8333,3860.0,1993.3334,2120.0,1114.1666,1150.0,356.91666,363.0,155.16667,158.0,34.741665,35.8,40491.668,46800.0,2438.3333,2760.0,2017,9,11,6,558.0,4.5,,дуже активна
2017-09-11 07:00:00,3469.1667,3600.0,1903.3334,1960.0,1082.5,1100.0,345.66666,351.0,146.91667,151.0,31.733332,33.2,38700.0,46100.0,2655.8333,3160.0,2017,9,11,7,556.0,4.2,,дуже активна
2017-09-11 08:00:00,3353.3333,3570.0,1862.5,2000.0,1080.8334,1150.0,338.41666,348.0,140.08333,143.0,28.958334,30.7,37708.332,52700.0,2734.1667,3390.0,2017,9,11,8,554.0,3.9,,дуже активна
2017-09-11 09:00:00,4557.5,5140.0,2306.6667,2480.0,1236.6666,1270.0,347.08334,355.0,135.83333,139.0,26.675001,27.4,39583.332,47600.0,3219.1667,3930.0,2017,9,11,9,555.0,4.3,,дуже активна
2017-09-11 10:00:00,5018.3335,5210.0,2265.0,2420.0,1190.8334,1260.0,331.75,347.0,128.58333,135.0,24.508333,25.7,35016.668,41600.0,2964.1667,3260.0,2017,9,11,10,556.0,5.2,,дуже активна
2017-09-11 11:00:00,4955.8335,5350.0,2298.3333,2460.0,1243.3334,1330.0,337.83334,354.0,126.5,130.0,22.925001,23.4,26416.666,28900.0,2613.3333,2830.0,2017,9,11,11,556.0,5.5,,дуже активна
2017-09-11 12:00:00,4937.5,5120.0,2240.0,2400.0,1230.8334,1330.0,327.75,352.0,118.916664,127.0,20.65,21.7,31441.666,34300.0,2619.1667,2750.0,2017,9,11,12,555.0,5.0,,дуже активна
2017-09-11 13:00:00,4525.0,4860.0,2048.3333,2130.0,1136.6666,1170.0,303.83334,314.0,109.333336,112.0,18.633333,19.8,42341.668,52100.0,3062.5,3820.0,2017,9,11,13,555.0,4.7,,дуже активна
2017-09-11 14:00:00,4675.8335,5320.0,1936.6666,2090.0,1086.6666,1130.0,286.0,295.0,100.88333,104.0,16.475,17.8,61983.332,70700.0,4255.8335,5190.0,2017,9,11,14,556.0,3.6,,дуже активна
2017-09-11 15:00:00,3988.3333,4270.0,1743.3334,1840.0,1024.1666,1060.0,264.16666,275.0,91.4,95.7,14.533333,15.5,79850.0,89900.0,5774.1665,6850.0,2017,9,11,15,557.0,2.7,,дуже активна
2017-09-11 16:00:00,3731.6667,3890.0,1588.3334,1640.0,954.0,989.0,242.33333,255.0,83.775,88.7,13.408333,14.2,99766.664,106000.0,8503.333,9670.0,2017,9,11,16,556.0,2.5,,активна
2017-09-11 17:00:00,4128.3335,4680.0,1530.0,1670.0,882.6667,937.0,223.08333,232.0,76.458336,79.0,12.141666,12.7,102566.664,107000.0,9243.333,10100.0,2017,9,11,17,554.0,2.5,,активна
2017-09-11 18:00:00,3978.3333,4230.0,1152.5,1260.0,724.9167,785.0,203.5,210.0,70.71667,73.3,11.125,11.8,111000.0,122000.0,9992.5,11300.0,2017,9,11,18,551.0,1.9,,активна
2017-09-11 19:00:00,4061.6667,4740.0,1020.0,1210.0,650.3333,744.0,189.41667,201.0,66.13333,68.6,10.212501,10.6,120416.664,128000.0,11358.333,13200.0,2017,9,11,19,550.0,1.8,,активна
2017-09-11 20:00:00,3521.6667,3830.0,933.0,1030.0,661.8333,718.0,190.16667,197.0,64.225,66.2,9.708333,10.1,122416.664,127000.0,11350.0,12100.0,2017,9,11,20,547.0,1.5,,активна
2017-09-11 21:00:00,3682.5,3790.0,1012.0,1090.0,693.75,713.0,176.83333,183.0,58.63333,60.9,8.995,9.42,126666.664,132000.0,12916.667,14100.0,2017,9,11,21,547.0,1.9,,активна
2017-09-11 22:00:00,3676.6667,4060.0,1050.9166,1240.0,675.25,715.0,167.75,171.0,55.033337,56.3,8.314167,8.75,120416.664,128000.0,11553.333,12700.0,2017,9,11,22,539.0,1.6,,активна
2017-09-11 23:00:00,3341.6667,4090.0,1079.6666,1250.0,675.5833,708.0,161.33333,163.0,51.95,52.7,7.8025,8.07,107016.664,116000.0,8718.333,10200.0,2017,9,11,23,533.0,1.2,,активна
2017-09-12 00:00:00,3490.8333,4000.0,986.25,1070.0,609.1667,648.0,147.5,157.0,48.399998,50.6,7.4166665,7.69,94733.336,102000.0,6615.0,7470.0,2017,9,12,0,492.0,1.8,76.0,активна
2017-09-12 01:00:00,3042.5,3480.0,935.0833,967.0,562.9167,591.0,137.5,143.0,45.558334,47.4,6.900833,7.3,79583.336,97500.0,5068.3335,6680.0,2017,9,12,1,471.0,2.8,,активна
2017-09-12 02:00:00,2670.8333,2820.0,905.4167,923.0,526.8333,536.0,127.166664,130.0,42.491665,44.1,6.475,6.89,58416.668,69000.0,3233.3333,4050.0,2017,9,12,2,457.0,4.3,,активна
2017-09-12 03:00:00,2780.8333,2870.0,926.5,949.0,505.33334,525.0,118.5,123.0,39.350002,40.8,5.9516664,6.1,47875.0,57400.0,2448.3333,3000.0,2017,9,12,3,455.0,5.0,,активна
2017-09-12 04:00:00,2734.1667,2810.0,872.4167,913.0,463.33334,485.0,109.083336,113.0,36.333332,37.6,5.536667,5.7,30291.666,37400.0,1441.6666,1750.0,2017,9,12,4,456.0,3.2,,активна
2017-09-12 05:00:00,2603.3333,2730.0,846.0833,866.0,442.66666,456.0,101.73334,105.0,33.675,34.8,5.099167,5.27,23358.334,26900.0,1190.8334,1390.0,2017,9,12,5,453.0,4.2,,активна
2017-09-12 06:00:00,2608.3333,2730.0,798.6667,837.0,410.25,430.0,93.75833,98.7,30.841667,32.3,4.695,4.98,23683.334,27600.0,1154.25,1340.0,2017,9,12,6,453.0,6.2,,активна
2017-09-12 07:00:00,2617.5,2840.0,750.0,767.0,384.58334,390.0,85.775,89.0,27.991667,29.5,4.3391666,4.62,13666.667,17200.0,801.5,967.0,2017,9,12,7,460.0,4.6,,активна
2017-09-12 08:00:00,2195.0,2460.0,664.9167,753.0,346.33334,394.0,74.666664,81.1,23.800001,25.9,3.6599998,3.99,24733.334,44600.0,1258.3334,2210.0,2017,9,12,8,458.0,5.2,,активна
2017-09-12 09:00:00,1862.5,2030.0,574.5833,627.0,308.83334,335.0,66.78333,69.3,21.208334,22.1,3.1858332,3.49,47000.0,56000.0,2223.3333,2910.0,2017,9,12,9,451.0,2.7,,активна
2017-09-12 10:00:00,1673.3334,1820.0,575.75,611.0,305.83334,334.0,65.708336,73.3,20.925001,23.2,3.1633332,3.59,37466.668,40800.0,1666.6666,1800.0,2017,9,12,10,457.0,2.6,,активна
2017-09-12 11:00:00,1589.1666,1660.0,474.75,543.0,237.08333,281.0,49.74167,59.5,15.858334,18.7,2.3991668,2.64,38466.668,49300.0,2992.5,5120.0,2017,9,12,11,479.0,2.3,,активна
2017-09-12 12:00:00,1572.5,1660.0,403.58334,423.0,196.0,206.0,40.816666,43.6,13.233334,14.1,2.1166666,2.23,43066.668,49700.0,3875.8333,4730.0,2017,9,12,12,476.0,2.1,,активна
2017-09-12 13:00:00,1444.1666,1550.0,381.0,388.0,183.83333,191.0,38.091667,39.3,12.25,13.0,1.9216666,2.09,47241.668,51600.0,4080.8333,4480.0,2017,9,12,13,463.0,2.0,,активна
2017-09-12 14:00:00,2600.0,3920.0,360.75,388.0,178.66667,185.0,38.858334,40.5,12.55,13.1,1.9833332,2.08,62008.332,81800.0,5761.6665,8290.0,2017,9,12,14,459.0,2.2,,активна
2017-09-12 15:00:00,2415.0,2760.0,289.75,320.0,164.25,169.0,37.399998,39.0,12.025001,12.6,1.8208333,1.92,76975.0,81100.0,8009.1665,8550.0,2017,9,12,15,457.0,2.0,,активна
2017-09-12 16:00:00,2200.8333,2410.0,268.58334,284.0,160.75,163.0,34.983334,36.3,11.275001,11.6,1.7433333,1.82,83133.336,91700.0,9172.5,10500.0,2017,9,12,16,462.0,2.7,,активна
2017-09-12 17:00:00,2636.6667,2810.0,300.25,328.0,166.75,177.0,34.68333,35.6,11.150001,11.6,1.7566667,1.88,101416.664,105000.0,12633.333,13400.0,2017,9,12,17,478.0,2.5,,активна
2017-09-12 18:00:00,2810.8333,2960.0,277.0,320.0,156.16667,171.0,33.266666,34.6,10.515834,11.1,1.5858334,1.72,97141.664,102000.0,11900.0,12700.0,2017,9,12,18,463.0,3.9,,активна
2017-09-12 19:00:00,3374.1667,4350.0,234.08333,252.0,140.75,149.0,30.083334,31.5,9.704166,10.1,1.5775,1.73,109283.336,115000.0,15150.0,16900.0,2017,9,12,19,493.0,8.9,,активна
2017-09-12 20:00:00,3862.5,4910.0,304.83334,343.0,155.5,171.0,32.291668,37.2,10.043333,11.7,1.4261667,1.59,92991.664,115000.0,12282.5,17100.0,2017,9,12,20,585.0,14.0,,активна
2017-09-12 21:00:00,3404.1667,4330.0,193.91667,268.0,96.85,131.0,20.491667,27.9,6.3525004,9.01,0.87583333,1.39,83750.0,103000.0,9969.167,14800.0,2017,9,12,21,614.0,12.0,,активна
2017-09-12 22:00:00,3480.8333,4300.0,159.0,171.0,80.6,87.9,17.433332,18.8,5.396667,5.9,0.6968334,0.763,82566.664,97800.0,8747.5,10700.0,2017,9,12,22,608.0,12.6,,активна
2017-09-12 23:00:00,2291.6667,3600.0,159.58333,166.0,79.958336,83.0,16.558332,17.6,5.0558333,5.47,0.65008336,0.73,42218.332,73800.0,3249.25,7470.0,2017,9,12,23,620.0,9.3,,активна
2017-09-13 00:00:00,1000.5,1260.0,145.41667,154.0,70.299995,75.5,14.433333,15.9,4.4808335,4.89,0.6145,0.689,5176.6665,7850.0,275.75,379.0,2017,9,13,0,614.0,7.2,75.0,активна
2017-09-13 01:00:00,857.6667,1040.0,160.0,168.0,79.075005,83.5,16.333334,17.3,4.895,5.17,0.59174997,0.663,4305.8335,5620.0,291.58334,354.0,2017,9,13,1,581.0,5.7,,активна
2017-09-13 02:00:00,561.8333,651.0,152.41667,155.0,74.775,76.5,15.733334,16.1,4.829167,5.06,0.60375,0.667,1566.75,2620.0,166.33333,213.0,2017,9,13,2,569.0,5.0,,активна
2017-09-13 03:00:00,521.0,547.0,156.08333,169.0,75.74167,81.7,15.708333,16.4,4.745,5.03,0.55758333,0.628,859.1667,1110.0,153.75,168.0,2017,9,13,3,563.0,4.5,,активна
2017-09-13 04:00:00,601.5,626.0,163.83333,174.0,75.38333,80.2,14.775001,15.3,4.4558334,4.73,0.55758333,0.641,1247.0834,2290.0,174.08333,209.0,2017,9,13,4,555.0,4.3,,активна
2017-09-13 05:00:00,625.4167,654.0,173.91667,182.0,78.85,83.8,14.633334,15.4,4.28,4.58,0.50775,0.608,2180.0,2590.0,208.08333,238.0,2017,9,13,5,547.0,3.5,,активна
2017-09-13 06:00:00,612.9167,671.0,172.58333,178.0,79.14167,81.0,14.733334,15.5,4.2400002,4.58,0.48841667,0.609,2146.6667,2680.0,176.0,196.0,2017,9,13,6,546.0,2.8,,активна
2017-09-13 07:00:00,619.0,666.0,174.0,182.0,80.549995,83.1,14.941667,15.7,4.2475,4.74,0.47508335,0.608,1698.0,2420.0,152.0,184.0,2017,9,13,7,537.0,2.4,,активна
2017-09-13 08:00:00,695.0,845.0,173.66667,178.0,80.775,83.1,14.908333,15.5,4.2008333,4.57,0.47041667,0.571,4047.5,6890.0,220.58333,259.0,2017,9,13,8,535.0,2.1,,активна
2017-09-13 09:00:00,630.5833,692.0,175.25,180.0,82.84167,86.8,14.708333,15.3,4.0425,4.31,0.44016668,0.541,5097.5,6170.0,213.0,266.0,2017,9,13,9,505.0,2.5,,активна
2017-09-13 10:00:00,589.0,615.0,170.33333,177.0,80.174995,83.7,14.525001,15.1,4.0558333,4.28,0.44833335,0.593,5280.8335,6240.0,214.58333,237.0,2017,9,13,10,482.0,2.4,,активна
2017-09-13 11:00:00,572.3333,614.0,169.58333,175.0,82.03333,84.2,15.116666,15.6,4.2191668,4.42,0.46216667,0.54,7330.8335,8620.0,248.16667,290.0,2017,9,13,11,464.0,2.8,,активна
2017-09-13 12:00:00,549.3333,581.0,166.66667,174.0,82.475,86.2,15.175,15.6,4.2175,4.4,0.46,0.515,10480.0,12200.0,297.25,321.0,2017,9,13,12,453.0,2.7,,активна
2017-09-13 13:00:00,542.1667,607.0,170.66667,182.0,85.924995,89.0,15.066667,15.4,4.0491667,4.2,0.42200002,0.513,13716.667,15000.0,356.33334,386.0,2017,9,13,13,443.0,2.0,,активна
2017-09-13 14:00:00,512.3333,564.0,159.25,175.0,83.375,89.3,14.625,15.3,3.9216669,4.21,0.39233336,0.473,17291.666,18900.0,404.41666,443.0,2017,9,13,14,440.0,1.7,,активна
2017-09-13 15:00:00,403.83334,457.0,126.416664,137.0,75.049995,77.1,13.675,14.2,3.6708333,3.95,0.38025,0.476,21008.334,22000.0,462.08334,487.0,2017,9,13,15,433.0,1.6,,активна
2017-09-13 16:00:00,399.08334,439.0,117.083336,125.0,70.48333,73.8,13.05,13.8,3.5933332,3.84,0.40483332,0.462,23741.666,25900.0,522.0,546.0,2017,9,13,16,441.0,1.1,,активна
2017-09-13 17:00:00,410.08334,434.0,88.74167,97.2,59.100002,64.3,12.375,12.9,3.3858335,3.61,0.33124998,0.403,28775.0,31600.0,590.5833,647.0,2017,9,13,17,437.0,0.9,,активна
2017-09-13 18:00:00,424.08334,447.0,86.05833,89.7,58.666668,60.8,12.108334,12.6,3.345,3.52,0.34708333,0.428,32425.0,33400.0,674.9167,717.0,2017,9,13,18,428.0,0.8,,активна
2017-09-13 19:00:00,348.66666,405.0,67.041664,85.0,48.333332,56.4,11.616666,12.1,3.2524998,3.47,0.30558333,0.393,31450.0,32500.0,593.5833,644.0,2017,9,13,19,423.0,0.7,,активна
2017-09-13 20:00:00,285.0,316.0,58.233334,60.7,46.266666,48.5,11.658333,12.2,3.1599998,3.42,0.2523333,0.34,30208.334,31300.0,537.1667,576.0,2017,9,13,20,419.0,0.6,,активна
2017-09-13 21:00:00,258.25,275.0,56.475002,58.7,45.375,47.6,10.900001,11.6,2.868333,3.12,0.21633333,0.299,28908.334,29900.0,492.33334,522.0,2017,9,13,21,397.0,0.6,,активна
2017-09-13 22:00:00,250.91667,269.0,54.558334,58.2,43.408337,46.8,10.085,11.4,2.6275,3.15,0.19258334,0.252,27816.666,28600.0,446.33334,472.0,2017,9,13,22,387.0,0.8,,активна
2017-09-13 23:00:00,256.33334,271.0,51.24167,56.3,40.358334,45.1,9.755834,10.2,2.5983334,2.88,0.199,0.263,27925.0,28600.0,428.58334,472.0,2017,9,13,23,378.0,0.9,,активна
2017-09-14 00:00:00,240.5,249.0,58.5,61.4,45.966663,48.6,10.0425005,10.3,2.5591667,2.7,0.18941666,0.219,25450.0,26000.0,365.5,399.0,2017,9,14,0,390.0,1.4,74.0,активна
2017-09-14 01:00:00,435.75,543.0,80.200005,94.7,52.908337,56.8,10.058333,10.5,2.515,2.81,0.17925,0.239,29125.0,31300.0,376.25,439.0,2017,9,14,1,404.0,2.4,,активна
2017-09-14 02:00:00,553.8333,602.0,103.98334,107.0,55.441666,58.2,9.6825,10.2,2.3308332,2.46,0.14920834,0.199,27675.0,29000.0,340.75,369.0,2017,9,14,2,366.0,5.3,,активна
2017-09-14 03:00:00,462.33334,500.0,110.0,121.0,54.783337,56.6,8.7975,9.76,2.1000001,2.34,0.13653333,0.199,22550.0,24700.0,304.91666,329.0,2017,9,14,3,352.0,4.4,,активна
2017-09-14 04:00:00,431.08334,465.0,123.833336,131.0,54.850002,56.5,8.524167,9.07,2.0125,2.27,0.121358335,0.158,17250.0,20100.0,263.91666,291.0,2017,9,14,4,350.0,4.6,,активна
2017-09-14 05:00:00,423.16666,446.0,124.083336,126.0,53.041668,54.6,8.070833,8.54,1.9408332,2.28,0.13933334,0.229,10996.667,12900.0,197.33333,211.0,2017,9,14,5,350.0,3.0,,активна
2017-09-14 06:00:00,392.08334,410.0,118.25,125.0,51.108334,53.9,7.8541665,8.55,1.8258333,2.1,0.12311667,0.168,10805.833,12100.0,191.83333,209.0,2017,9,14,6,351.0,1.8,,активна
2017-09-14 07:00:00,382.83334,398.0,112.25,119.0,49.75,51.9,7.6158333,8.18,1.8541666,1.98,0.14596666,0.182,9469.167,9920.0,177.66667,193.0,2017,9,14,7,351.0,1.9,,активна
2017-09-14 08:00:00,369.66666,388.0,108.666664,115.0,48.783337,50.7,7.556667,7.84,1.7533334,2.03,0.122383334,0.204,9995.0,10800.0,186.91667,205.0,2017,9,14,8,353.0,4.1,,активна
2017-09-14 09:00:00,384.25,402.0,104.666664,110.0,47.36667,50.0,7.4641666,7.85,1.7758332,1.98,0.12895833,0.196,9605.833,10500.0,184.25,196.0,2017,9,14,9,355.0,4.1,,активна
2017-09-14 10:00:00,336.75,359.0,100.06667,105.0,45.091663,47.7,7.1675,7.76,1.6816667,1.99,0.11465,0.17,9163.333,9790.0,206.75,226.0,2017,9,14,10,397.0,7.0,,активна
2017-09-14 11:00:00,366.41666,430.0,93.93333,101.0,42.25,45.5,6.709167,7.12,1.5983334,1.86,0.116450004,0.17,7566.6665,10100.0,213.41667,251.0,2017,9,14,11,432.0,11.4,,активна
2017-09-14 12:00:00,319.16666,353.0,83.333336,90.7,38.033333,40.9,6.045,6.75,1.4425,1.74,0.11067501,0.194,8696.667,10600.0,180.5,209.0,2017,9,14,12,448.0,15.9,,активна
2017-09-14 13:00:00,254.5,284.0,69.725,72.6,32.45,34.3,5.3575,5.71,1.3233334,1.45,0.10719166,0.152,8184.1665,11100.0,204.58333,279.0,2017,9,14,13,448.0,19.4,,активна
2017-09-14 14:00:00,229.08333,248.0,61.50833,67.9,28.491667,31.6,4.82,5.61,1.2145833,1.42,0.10639167,0.145,5802.5,10000.0,187.53333,326.0,2017,9,14,14,457.0,9.8,,активна
2017-09-14 15:00:00,149.16667,181.0,38.291668,50.3,18.775,24.7,3.5433333,4.56,0.9323333,1.35,0.086791664,0.177,5270.0,8580.0,226.0,376.0,2017,9,14,15,469.0,6.2,,активна
2017-09-14 16:00:00,216.58333,296.0,25.85,30.8,13.283333,15.3,2.5958333,3.57,0.74725,1.09,0.09464166,0.12,11761.667,24300.0,307.41666,625.0,2017,9,14,16,484.0,7.2,,активна
2017-09-14 17:00:00,236.33333,351.0,16.941668,21.2,9.087501,10.8,1.9608334,2.47,0.60733336,0.812,0.090050004,0.116,28325.0,37500.0,648.4167,835.0,2017,9,14,17,506.0,7.5,,активна
2017-09-14 18:00:00,177.41667,239.0,14.7,16.0,8.2375,8.88,1.7816666,2.07,0.5491667,0.749,0.081541665,0.136,35725.0,38100.0,863.75,1080.0,2017,9,14,18,538.0,5.9,,тиха
2017-09-14 19:00:00,150.09091,190.0,11.377273,14.9,6.4190907,8.37,1.5454545,1.8,0.50527275,0.635,0.085354544,0.134,34027.273,37300.0,852.2727,983.0,2017,9,14,19,593.0,3.5,,тиха
2017-09-14 20:00:00,177.66667,273.0,10.819167,12.2,6.025,6.65,1.3058333,1.7,0.37891665,0.609,0.04499167,0.112,28666.666,33000.0,708.5833,825.0,2017,9,14,20,604.0,3.6,,тиха
2017-09-14 21:00:00,351.75,393.0,8.736667,9.98,4.8975,5.82,1.0825833,1.32,0.30716667,0.372,0.0342,0.0576,30308.334,36100.0,596.3333,766.0,2017,9,14,21,601.0,3.5,,тиха
2017-09-14 22:00:00,243.0,322.0,7.290833,8.9,4.6408334,5.42,1.0835834,1.27,0.31225,0.363,0.03155833,0.0316,32783.332,36300.0,632.0,758.0,2017,9,14,22,611.0,3.5,,тиха
2017-09-14 23:00:00,172.0,210.0,7.4175,8.11,4.585833,5.28,1.0196667,1.25,0.29191667,0.36,0.031566665,0.0316,30491.666,32400.0,517.6667,588.0,2017,9,14,23,646.0,3.0,,тиха
2017-09-15 00:00:00,130.0,236.0,7.664167,8.99,4.3650002,4.83,1.0031667,1.11,0.29425,0.336,0.031574998,0.0316,27766.666,41400.0,397.66666,820.0,2017,9,15,0,673.0,2.7,73.0,тиха
2017-09-15 01:00:00,135.44167,219.0,6.898333,7.46,4.0383334,4.55,0.88299996,1.06,0.25875,0.312,0.03158333,0.0316,34491.668,43700.0,630.5,866.0,2017,9,15,1,642.0,3.1,,тиха
2017-09-15 02:00:00,66.50833,83.7,7.1375003,8.62,3.9791667,4.63,0.86691666,1.04,0.25358334,0.314,0.03158333,0.0316,28317.5,48100.0,416.1083,875.0,2017,9,15,2,654.0,2.8,,тиха
2017-09-15 03:00:00,33.708332,39.7,6.849167,7.83,3.8141668,4.55,0.8245833,0.956,0.24633332,0.291,0.0316,0.0316,26366.666,32300.0,299.58334,425.0,2017,9,15,3,693.0,2.8,,тиха
2017-09-15 04:00:00,29.016668,39.6,6.6583333,7.69,3.6008332,4.24,0.77449995,0.951,0.23466666,0.288,0.031591665,0.0316,24083.334,40700.0,254.58333,518.0,2017,9,15,4,711.0,2.4,,тиха
2017-09-15 05:00:00,52.541668,78.9,6.2083335,7.47,3.5175,4.13,0.8698333,0.998,0.27083334,0.313,0.03158333,0.0316,40158.332,55300.0,659.75,1070.0,2017,9,15,5,678.0,2.3,,тиха
2017-09-15 06:00:00,25.375,30.0,6.4691663,7.37,3.6191666,4.23,0.79525,0.988,0.245,0.31,0.034725,0.0693,24825.0,30100.0,286.75,318.0,2017,9,15,6,694.0,2.4,,тиха
2017-09-15 07:00:00,370.71667,1360.0,5.905,7.05,3.3075001,4.13,0.7836667,0.915,0.23866667,0.293,0.0316,0.0316,70108.336,126000.0,2753.25,7210.0,2017,9,15,7,676.0,1.9,,тиха
2017-09-15 08:00:00,128.25833,501.0,5.415833,6.27,3.1241667,3.72,0.78125,0.911,0.24299999,0.284,0.031591665,0.0316,86450.0,110000.0,3730.8333,5620.0,2017,9,15,8,636.0,2.1,,тиха
2017-09-15 09:00:00,262.96667,1560.0,6.15,7.08,3.3958333,3.74,0.72525,0.885,0.22541666,0.281,0.035566665,0.0615,43941.668,57300.0,1134.4166,1840.0,2017,9,15,9,614.0,3.3,,тиха
2017-09-15 10:00:00,113.583336,471.0,5.3716664,6.76,3.0141666,3.7,0.7715833,0.914,0.24550001,0.308,0.034983333,0.0724,69808.336,75800.0,2580.0,2980.0,2017,9,15,10,597.0,3.1,,тиха
2017-09-15 11:00:00,37.675,75.9,5.090833,6.01,2.9466667,3.26,0.694,0.79,0.22074999,0.26,0.03158333,0.0316,66850.0,75800.0,2563.3333,2740.0,2017,9,15,11,624.0,3.5,,тиха
2017-09-15 12:00:00,2641.9167,6170.0,4.2000003,5.1,2.3108332,2.82,0.5961667,0.784,0.19758333,0.265,0.033741664,0.0577,87858.336,140000.0,4901.6665,12900.0,2017,9,15,12,616.0,4.0,,тиха
2017-09-15 13:00:00,830.8333,2650.0,3.9158332,5.2,2.35,3.13,0.63491666,0.763,0.20866667,0.259,0.03158333,0.0316,153833.33,167000.0,19633.334,25700.0,2017,9,15,13,597.0,4.5,,тиха
2017-09-15 14:00:00,147.95833,216.0,3.9041665,4.58,2.2250001,2.76,0.5649167,0.736,0.19583333,0.256,0.03770833,0.0771,170416.67,194000.0,25566.666,35400.0,2017,9,15,14,609.0,4.3,,тиха
2017-09-15 15:00:00,95.94167,119.0,3.5791667,4.8,2.068,3.0,0.55016667,0.667,0.17933333,0.221,0.031541664,0.0316,169083.33,175000.0,26816.666,29100.0,2017,9,15,15,709.0,2.7,,тиха
2017-09-15 16:00:00,103.6,130.0,3.2025,4.34,1.844,2.42,0.5465,0.714,0.18775,0.244,0.033391666,0.0537,165166.67,177000.0,27716.666,31400.0,2017,9,15,16,703.0,2.2,,тиха
2017-09-15 17:00:00,89.01666,109.0,2.7208335,3.65,1.7866668,2.76,0.49791667,0.626,0.17541666,0.208,0.035125,0.0543,144583.33,152000.0,23441.666,25300.0,2017,9,15,17,610.0,3.5,,тиха
2017-09-15 18:00:00,91.1,132.0,2.25,3.44,1.57525,2.44,0.50666666,0.692,0.18291666,0.244,0.03475,0.0618,161833.33,198000.0,33041.668,52500.0,2017,9,15,18,665.0,2.8,,тиха
2017-09-15 19:00:00,192.05833,323.0,2.3391666,3.56,1.5261666,2.5,0.51741666,0.631,0.18608333,0.214,0.036925,0.0638,194666.67,214000.0,47425.0,55700.0,2017,9,15,19,659.0,3.0,,тиха
2017-09-15 20:00:00,133.59999,239.0,1.6999167,2.81,1.2445,1.99,0.4395,0.643,0.1725,0.239,0.040025,0.0631,193583.33,214000.0,49058.332,58800.0,2017,9,15,20,662.0,2.5,,тиха
2017-09-15 21:00:00,195.91667,367.0,1.8058333,2.79,1.1144167,1.71,0.3375,0.428,0.1495,0.234,0.04786667,0.0898,195833.33,211000.0,47350.0,60400.0,2017,9,15,21,665.0,3.2,,тиха
2017-09-15 22:00:00,165.58333,265.0,1.6264167,2.36,1.239,1.98,0.45158336,0.542,0.17975001,0.221,0.0477,0.0941,194750.0,204000.0,45166.668,49800.0,2017,9,15,22,685.0,2.6,,тиха
2017-09-15 23:00:00,124.775,184.0,2.0635002,3.56,1.2814167,1.95,0.42658332,0.474,0.16025,0.236,0.036566667,0.0835,176500.0,204000.0,32691.666,48500.0,2017,9,15,23,672.0,2.8,,тиха
2017-09-16 00:00:00,98.19167,135.0,1.6749166,2.44,1.0760833,1.93,0.36358333,0.502,0.14596666,0.221,0.038758334,0.0649,173333.33,190000.0,32341.666,39400.0,2017,9,16,0,675.0,3.1,72.0,тиха
2017-09-16 01:00:00,47.283337,101.0,1.6893333,3.12,1.0225,2.27,0.3818333,0.47,0.17029166,0.22,0.049983334,0.0824,91358.336,135000.0,9302.5,17700.0,2017,9,16,1,653.0,3.1,,тиха
2017-09-16 02:00:00,39.05833,82.7,1.9985833,3.31,1.25,1.98,0.37600002,0.482,0.16855,0.229,0.04679167,0.0686,70716.664,110000.0,5487.5,11400.0,2017,9,16,2,630.0,3.2,,тиха
2017-09-16 03:00:00,35.325,72.4,1.3933333,2.62,0.81874996,1.37,0.35258332,0.469,0.15275,0.213,0.044725,0.0629,76250.0,116000.0,6412.5,13000.0,2017,9,16,3,624.0,4.1,,тиха
2017-09-16 04:00:00,29.625,79.9,1.8941666,2.61,1.17125,2.0,0.34633335,0.496,0.14664167,0.218,0.034725,0.0609,52658.332,79200.0,3212.5,5290.0,2017,9,16,4,637.0,2.8,,тиха
2017-09-16 05:00:00,176.23334,622.0,1.5331668,2.44,0.92050004,1.76,0.39308333,0.55,0.17858332,0.244,0.0478,0.0855,81641.664,123000.0,7199.1665,13200.0,2017,9,16,5,673.0,2.2,,тиха
2017-09-16 06:00:00,28.558334,64.9,1.3171667,2.1,0.8641667,1.59,0.32658333,0.486,0.15304166,0.242,0.05030833,0.107,33033.332,43200.0,2114.1667,3170.0,2017,9,16,6,699.0,1.9,,тиха
2017-09-16 07:00:00,15.531667,24.3,1.4930834,2.42,0.94808334,1.68,0.29508334,0.431,0.12914167,0.22,0.04318333,0.0649,31800.0,36600.0,2090.0,2460.0,2017,9,16,7,688.0,1.9,,тиха
2017-09-16 08:00:00,11.216667,16.2,1.3902501,2.15,0.8819167,1.7,0.28491667,0.521,0.12808333,0.202,0.041475,0.088,31266.666,35700.0,2144.1667,2570.0,2017,9,16,8,673.0,2.2,,тиха
2017-09-16 09:00:00,15.358334,21.6,1.3650833,2.17,0.85025,1.68,0.3369167,0.456,0.15816666,0.219,0.045216665,0.0649,48625.0,53800.0,3487.5,4070.0,2017,9,16,9,699.0,1.9,,тиха
2017-09-16 10:00:00,12.295001,18.1,1.29475,1.99,0.81883335,1.34,0.31,0.424,0.13934167,0.195,0.040625002,0.0787,56925.0,60000.0,3655.8333,3810.0,2017,9,16,10,613.0,3.0,,тиха
2017-09-16 11:00:00,9.380834,11.8,1.1710833,1.82,0.73225,1.16,0.28341666,0.443,0.13293333,0.213,0.04041667,0.0703,64791.668,67700.0,4339.1665,4660.0,2017,9,16,11,599.0,3.1,,тиха
2017-09-16 12:00:00,530.075,1710.0,1.36225,2.1,0.76316667,1.05,0.2635,0.388,0.13245833,0.204,0.04470833,0.0681,80600.0,113000.0,5686.6665,9290.0,2017,9,16,12,688.0,1.8,,тиха
2017-09-16 13:00:00,209.89166,606.0,1.085,2.0,0.64208335,1.08,0.25158334,0.368,0.12579167,0.187,0.046183333,0.0965,128583.336,145000.0,12855.833,16900.0,2017,9,16,13,722.0,1.9,,тиха
2017-09-16 14:00:00,62.00833,99.9,0.93108326,1.51,0.54333335,1.13,0.23916668,0.419,0.12285,0.216,0.041775,0.0794,149916.67,151000.0,19333.334,21300.0,2017,9,16,14,719.0,1.8,,тиха
2017-09-16 15:00:00,52.141666,72.4,0.9123333,1.38,0.60441667,0.933,0.26783332,0.382,0.13976666,0.204,0.042275,0.0609,161166.67,170000.0,24000.0,27100.0,2017,9,16,15,730.0,1.8,,тиха
2017-09-16 16:00:00,68.725,87.3,0.9835834,1.69,0.61908334,1.05,0.22141667,0.386,0.11434167,0.202,0.047824997,0.0862,165666.67,176000.0,27225.0,30300.0,2017,9,16,16,701.0,1.8,,тиха
2017-09-16 17:00:00,65.14167,103.0,0.6384167,0.915,0.3815,0.504,0.26683334,0.402,0.13916667,0.193,0.042349998,0.0633,165833.33,171000.0,31783.334,33800.0,2017,9,16,17,639.0,2.5,,тиха
2017-09-16 18:00:00,133.89166,219.0,0.76458335,1.6,0.5045833,1.05,0.24425,0.411,0.13036667,0.21,0.045358334,0.0663,154083.33,162000.0,29608.334,32400.0,2017,9,16,18,656.0,2.1,,тиха
2017-09-16 19:00:00,86.200005,131.0,0.5689166,1.03,0.40066668,0.93,0.21166666,0.367,0.10815,0.203,0.038124997,0.0609,160583.33,175000.0,32966.668,39400.0,2017,9,16,19,654.0,1.9,,тиха
2017-09-16 20:00:00,94.958336,127.0,0.7173333,1.24,0.49291667,0.932,0.22775,0.364,0.122025006,0.213,0.045616668,0.0969,162333.33,173000.0,34591.668,38200.0,2017,9,16,20,695.0,2.0,,тиха
2017-09-16 21:00:00,87.424995,118.0,0.6448333,1.77,0.3970833,1.11,0.15491666,0.19,0.081199996,0.114,0.041,0.0753,150416.67,154000.0,27925.0,31100.0,2017,9,16,21,731.0,2.0,,тиха
2017-09-16 22:00:00,66.475,89.2,0.52933335,0.967,0.3956667,0.731,0.14683333,0.188,0.07630833,0.107,0.037075,0.0678,156833.33,165000.0,28366.666,31600.0,2017,9,16,22,695.0,1.8,,тиха
2017-09-16 23:00:00,64.424995,89.2,0.66108334,1.33,0.432,0.862,0.14841667,0.189,0.076516666,0.104,0.03745,0.0654,155000.0,167000.0,25908.334,32500.0,2017,9,16,23,679.0,1.6,,тиха
2017-09-17 00:00:00,70.51667,111.0,0.5935,1.32,0.3460833,0.733,0.17783333,0.34,0.100275,0.198,0.041641664,0.0884,147583.33,162000.0,18800.0,23500.0,2017,9,17,0,676.0,1.2,72.0,тиха
2017-09-17 01:00:00,61.325,80.8,0.47141668,0.72,0.30883333,0.608,0.14125,0.162,0.07125,0.0897,0.03179167,0.0505,152833.33,157000.0,21541.666,22700.0,2017,9,17,1,615.0,2.1,,тиха
2017-09-17 02:00:00,44.566666,59.2,0.62708336,0.912,0.38708332,0.731,0.16375001,0.337,0.08609167,0.167,0.036,0.0659,142583.33,150000.0,17558.334,20000.0,2017,9,17,2,644.0,2.0,,тиха
2017-09-17 03:00:00,44.774998,81.8,0.66216666,1.14,0.41716668,0.775,0.15383333,0.262,0.078266665,0.138,0.032183334,0.0659,151666.67,187000.0,19201.666,30500.0,2017,9,17,3,638.0,1.9,,тиха
2017-09-17 04:00:00,46.983334,79.1,0.61149997,1.12,0.40025,0.63,0.13815,0.202,0.0775,0.11,0.0361,0.0703,163583.33,190000.0,22541.666,32000.0,2017,9,17,4,646.0,1.9,,тиха
2017-09-17 05:00:00,39.458332,60.1,0.63675,1.42,0.37675,0.773,0.13208334,0.144,0.071208335,0.098,0.030408332,0.0431,130500.0,146000.0,14116.667,17900.0,2017,9,17,5,616.0,2.3,,тиха
2017-09-17 06:00:00,26.066666,41.8,0.78791666,1.55,0.45233333,0.914,0.14658333,0.178,0.07723334,0.114,0.037366666,0.0703,104200.0,132000.0,9205.0,13200.0,2017,9,17,6,643.0,1.9,,тиха
2017-09-17 07:00:00,31.175001,50.7,0.69733334,1.03,0.41291666,0.644,0.14,0.152,0.07040834,0.0872,0.03035,0.048,97133.336,111000.0,9010.833,11300.0,2017,9,17,7,626.0,2.3,,тиха
2017-09-17 08:00:00,15.659167,23.1,0.6199167,1.34,0.38825,0.969,0.15708333,0.332,0.08555833,0.204,0.0387,0.0729,86125.0,92600.0,6973.3335,8450.0,2017,9,17,8,620.0,2.4,,тиха
2017-09-17 09:00:00,15.063333,20.5,0.77683336,1.17,0.443,0.666,0.13316667,0.15,0.06684167,0.0669,0.0277,0.0277,75766.664,87900.0,5785.0,6960.0,2017,9,17,9,589.0,3.2,,тиха
2017-09-17 10:00:00,14.353333,20.8,0.48191667,0.897,0.29266667,0.433,0.13658333,0.151,0.07034167,0.106,0.029083332,0.0413,80508.336,83700.0,6628.3335,7180.0,2017,9,17,10,606.0,3.1,,тиха
2017-09-17 11:00:00,18.808332,31.2,0.7225,1.19,0.42949998,0.738,0.14116667,0.169,0.0721,0.112,0.03275,0.0728,87633.336,104000.0,7483.3335,9760.0,2017,9,17,11,603.0,3.6,,тиха
2017-09-17 12:00:00,191.71666,639.0,0.5235,1.06,0.28416666,0.532,0.14783333,0.183,0.075125,0.107,0.03354167,0.0678,126583.336,153000.0,13962.5,20700.0,2017,9,17,12,602.0,3.8,,тиха
2017-09-17 13:00:00,40.991665,112.0,0.6485,1.25,0.30425,0.593,0.13458334,0.181,0.077533334,0.122,0.038116667,0.0827,142083.33,152000.0,19100.0,23600.0,2017,9,17,13,605.0,3.7,,тиха
2017-09-17 14:00:00,354.9,1340.0,0.76425,1.37,0.43025002,0.741,0.13591667,0.187,0.071049996,0.105,0.030983334,0.0542,123308.336,144000.0,17416.666,21100.0,2017,9,17,14,598.0,3.8,,тиха
2017-09-17 15:00:00,318.08334,601.0,0.53125,0.929,0.3055,0.662,0.13416667,0.173,0.07354166,0.117,0.03305,0.0778,147583.33,183000.0,29658.334,45700.0,2017,9,17,15,583.0,4.6,,тиха
2017-09-17 16:00:00,79.11667,108.0,0.7019167,1.46,0.387,0.918,0.1375,0.173,0.07096667,0.105,0.031749997,0.0654,177833.33,186000.0,47425.0,51600.0,2017,9,17,16,581.0,4.0,,тиха
2017-09-17 17:00:00,75.30833,147.0,0.58241665,1.2,0.34741667,0.685,0.13740833,0.17,0.07705834,0.0972,0.036675002,0.0579,169666.67,180000.0,45350.0,49800.0,2017,9,17,17,589.0,3.7,,тиха
2017-09-17 18:00:00,65.041664,80.5,0.464,0.864,0.2665,0.432,0.13599999,0.184,0.0727,0.097,0.031966668,0.0579,157000.0,168000.0,37166.668,43700.0,2017,9,17,18,599.0,3.2,,тиха
2017-09-17 19:00:00,61.783337,78.3,0.46066666,0.661,0.26775,0.398,0.1292,0.185,0.073,0.114,0.034275,0.0753,158083.33,165000.0,37841.668,42100.0,2017,9,17,19,587.0,2.9,,тиха
2017-09-17 20:00:00,46.458332,73.4,0.43824998,0.841,0.32283333,0.59,0.139725,0.22,0.077583335,0.123,0.033441667,0.0412,147833.33,158000.0,32425.0,37200.0,2017,9,17,20,590.0,2.6,,тиха
2017-09-17 21:00:00,45.425,59.1,0.44725,1.08,0.30666664,0.787,0.13591667,0.304,0.07921667,0.18,0.03266667,0.0551,136500.0,142000.0,26116.666,28700.0,2017,9,17,21,592.0,3.5,,тиха
2017-09-17 22:00:00,37.933334,59.9,0.35224998,0.747,0.25399998,0.492,0.12550001,0.174,0.07068334,0.117,0.03399167,0.0818,127916.664,136000.0,21966.666,24700.0,2017,9,17,22,589.0,3.9,,тиха
2017-09-17 23:00:00,34.633335,52.7,0.364,0.616,0.25458333,0.576,0.123174995,0.159,0.06939167,0.105,0.029974999,0.039,117166.664,122000.0,17741.666,19200.0,2017,9,17,23,597.0,4.2,,тиха
2017-09-18 00:00:00,21.441666,31.3,0.45333335,0.849,0.3714167,0.748,0.14904167,0.278,0.08506667,0.17,0.041266665,0.0806,105666.664,110000.0,14100.0,15500.0,2017,9,18,0,627.0,3.5,72.0,тиха
2017-09-18 01:00:00,20.8425,31.2,0.54658335,1.08,0.32741666,0.703,0.12016667,0.145,0.0647,0.0842,0.028783334,0.0486,93841.664,104000.0,10800.0,12600.0,2017,9,18,1,638.0,3.2,,тиха
2017-09-18 02:00:00,11.715,19.2,0.6588333,1.03,0.39408335,0.562,0.141625,0.221,0.086158335,0.136,0.042741667,0.0762,50825.0,76800.0,4393.3335,7760.0,2017,9,18,2,637.0,2.7,,тиха
2017-09-18 03:00:00,15.483334,20.9,0.49249998,1.16,0.26325,0.538,0.11689166,0.149,0.07043333,0.0965,0.034725,0.061,51033.332,59800.0,4050.8333,5130.0,2017,9,18,3,604.0,3.0,,тиха
2017-09-18 04:00:00,12.234166,19.1,0.5345,0.917,0.31691667,0.521,0.11941666,0.144,0.06903333,0.0977,0.030383334,0.0461,43750.0,49300.0,3174.1667,4130.0,2017,9,18,4,577.0,3.2,,тиха
2017-09-18 05:00:00,8.726666,13.5,0.5255,0.978,0.28541666,0.525,0.13023333,0.253,0.07895,0.194,0.034158334,0.0672,43550.0,56600.0,2997.5,4340.0,2017,9,18,5,585.0,3.7,,тиха
2017-09-18 06:00:00,13.857499,19.9,0.7163333,1.27,0.36858332,0.751,0.14674999,0.296,0.086575,0.173,0.039333332,0.0562,69916.664,104000.0,6249.1665,11200.0,2017,9,18,6,586.0,4.1,,тиха
2017-09-18 07:00:00,13.229167,21.9,0.69191664,1.15,0.39691666,0.645,0.162625,0.3,0.09605833,0.187,0.041633334,0.0733,67150.0,91600.0,6258.3335,10600.0,2017,9,18,7,579.0,3.9,,тиха
2017-09-18 08:00:00,72.51583,336.0,0.54908335,0.787,0.31458333,0.457,0.12663333,0.166,0.075075,0.0976,0.033791665,0.0535,34691.668,40500.0,3006.6667,4870.0,2017,9,18,8,609.0,2.8,,тиха
2017-09-18 09:00:00,53.608334,173.0,0.62233335,1.15,0.30875,0.53,0.12791666,0.18,0.07185,0.0982,0.034708332,0.0535,36508.332,42500.0,2733.3333,3200.0,2017,9,18,9,603.0,2.9,,тиха
2017-09-18 10:00:00,348.54166,1070.0,0.52975,1.01,0.27941665,0.626,0.12399999,0.152,0.0743,0.105,0.035958335,0.0733,83650.0,112000.0,9708.333,14700.0,2017,9,18,10,668.0,1.5,,тиха
2017-09-18 11:00:00,33.283333,40.5,0.608,0.827,0.3225,0.456,0.1595,0.36,0.09145,0.228,0.040658332,0.0672,96558.336,105000.0,11883.333,13600.0,2017,9,18,11,644.0,1.7,,тиха
2017-09-18 12:00:00,27.891668,50.2,0.6255,1.03,0.32741666,0.827,0.15657501,0.331,0.089491665,0.19,0.035933334,0.0571,93225.0,103000.0,11480.0,13500.0,2017,9,18,12,578.0,2.1,,тиха
2017-09-18 13:00:00,116.799995,397.0,0.5950833,1.09,0.28883335,0.458,0.15207501,0.241,0.084566675,0.139,0.0333,0.0561,88758.336,110000.0,10260.833,14600.0,2017,9,18,13,565.0,1.9,,тиха
2017-09-18 14:00:00,30.291666,46.0,0.54691666,0.944,0.27975,0.417,0.13166668,0.206,0.07625,0.122,0.034116667,0.0634,124750.0,137000.0,19225.0,23300.0,2017,9,18,14,558.0,1.9,,тиха
2017-09-18 15:00:00,75.058334,169.0,0.6964167,1.04,0.40791667,0.622,0.15244167,0.281,0.09330833,0.179,0.0443,0.0634,147000.0,174000.0,25725.0,36800.0,2017,9,18,15,559.0,2.7,,тиха
2017-09-18 16:00:00,63.86667,83.8,0.59083337,1.67,0.35841668,1.05,0.14244168,0.186,0.081716664,0.119,0.043316666,0.0833,172416.67,188000.0,41300.0,52000.0,2017,9,18,16,557.0,2.8,,тиха
2017-09-18 17:00:00,73.799995,105.0,0.43966666,0.89,0.25466666,0.434,0.14683333,0.193,0.08636666,0.129,0.044658333,0.0987,196166.67,207000.0,58491.668,64700.0,2017,9,18,17,552.0,2.3,,тиха
2017-09-18 18:00:00,64.75833,108.0,0.47433332,1.0,0.30391666,0.481,0.124291666,0.161,0.07768334,0.106,0.0407,0.0709,195833.33,205000.0,58816.668,63800.0,2017,9,18,18,552.0,2.2,,тиха
2017-09-18 19:00:00,65.041664,93.7,0.358,0.595,0.23425,0.354,0.12408333,0.168,0.06740833,0.107,0.030683333,0.0659,187666.67,194000.0,49991.668,54500.0,2017,9,18,19,554.0,1.7,,тиха
2017-09-18 20:00:00,58.933334,87.0,0.28891668,0.433,0.21041667,0.377,0.115941666,0.153,0.07266667,0.0988,0.03359167,0.0684,195250.0,197000.0,55991.668,61300.0,2017,9,18,20,549.0,1.4,,тиха
2017-09-18 21:00:00,65.833336,93.8,0.39575002,0.852,0.25558332,0.58,0.13,0.253,0.07726667,0.139,0.037041668,0.0628,198666.67,205000.0,55266.668,64600.0,2017,9,18,21,543.0,1.3,,тиха
2017-09-18 22:00:00,61.2,87.8,0.32866666,0.503,0.22991668,0.342,0.12261667,0.176,0.07236666,0.105,0.031075,0.0515,210166.67,218000.0,58325.0,62500.0,2017,9,18,22,542.0,1.2,,тиха
2017-09-18 23:00:00,54.149998,74.6,0.43483332,0.856,0.28316668,0.566,0.15315832,0.316,0.08491666,0.188,0.035058334,0.0614,203166.67,209000.0,54716.668,60300.0,2017,9,18,23,524.0,1.3,,тиха
2017-09-19 00:00:00,43.00833,61.3,0.392,0.716,0.24175,0.432,0.11003333,0.161,0.068333335,0.0905,0.032408334,0.0614,197583.33,201000.0,46625.0,49600.0,2017,9,19,0,524.0,1.4,71.0,тиха
2017-09-19 01:00:00,37.533337,55.7,0.3795,0.492,0.24341667,0.409,0.13389166,0.278,0.083058335,0.162,0.039916668,0.0763,199166.67,206000.0,44975.0,46200.0,2017,9,19,1,542.0,1.3,,тиха
2017-09-19 02:00:00,31.125,42.8,0.49341667,0.896,0.32508335,0.535,0.12438333,0.239,0.07556667,0.131,0.037683334,0.0688,191583.33,197000.0,39016.668,41400.0,2017,9,19,2,536.0,1.4,,тиха
2017-09-19 03:00:00,35.133335,50.5,0.43275,0.548,0.22475,0.359,0.11084166,0.168,0.06346667,0.0971,0.027108334,0.0347,178000.0,186000.0,31008.334,33900.0,2017,9,19,3,518.0,1.6,,тиха
2017-09-19 04:00:00,28.35,41.8,0.50949997,0.707,0.25516668,0.377,0.12193333,0.152,0.07145,0.103,0.031116666,0.054,157916.67,167000.0,22325.0,25100.0,2017,9,19,4,517.0,1.4,,тиха
2017-09-19 05:00:00,19.574999,25.9,0.49433336,0.767,0.26025,0.337,0.12015,0.173,0.07621667,0.124,0.03355,0.0488,147250.0,152000.0,18766.666,20100.0,2017,9,19,5,508.0,1.8,,тиха
2017-09-19 06:00:00,15.783333,23.0,0.43566668,0.801,0.30066666,0.491,0.14379166,0.269,0.079975,0.155,0.032958332,0.0564,144250.0,149000.0,18300.0,19300.0,2017,9,19,6,491.0,1.9,,тиха
2017-09-19 07:00:00,14.875,24.5,0.38941666,0.748,0.26008335,0.592,0.1149,0.146,0.07375,0.0969,0.039100002,0.0639,142666.67,146000.0,18841.666,19900.0,2017,9,19,7,481.0,2.0,,тиха
2017-09-19 08:00:00,18.966667,26.6,0.5399167,1.17,0.29058334,0.646,0.13489999,0.26,0.080008335,0.162,0.039133336,0.0837,136916.67,144000.0,16933.334,19100.0,2017,9,19,8,474.0,2.6,,тиха
2017-09-19 09:00:00,16.179167,24.5,0.5373333,1.11,0.29308334,0.563,0.127875,0.158,0.074075,0.109,0.035833333,0.054,128000.0,134000.0,15125.0,16900.0,2017,9,19,9,479.0,2.6,,тиха
2017-09-19 10:00:00,11.481667,14.6,0.63591665,1.2,0.29908332,0.639,0.13323332,0.22,0.08574167,0.137,0.043358337,0.0787,119416.664,134000.0,13666.667,17100.0,2017,9,19,10,471.0,2.4,,тиха
2017-09-19 11:00:00,11.624167,17.2,0.5553333,1.26,0.29291666,0.658,0.117066674,0.163,0.067225,0.0887,0.030316666,0.0441,145333.33,151000.0,20091.666,21800.0,2017,9,19,11,474.0,1.9,,тиха
2017-09-19 12:00:00,12.531667,15.5,0.53125,0.883,0.25525,0.545,0.108891666,0.127,0.06408333,0.0986,0.031133333,0.0688,151000.0,151000.0,22458.334,23600.0,2017,9,19,12,471.0,2.1,,тиха
2017-09-19 13:00:00,14.025001,21.2,0.58458334,1.07,0.3405,0.554,0.119500004,0.152,0.07078333,0.0935,0.033575002,0.0594,155000.0,159000.0,24191.666,26800.0,2017,9,19,13,492.0,1.8,,тиха
2017-09-19 14:00:00,22.425001,32.0,0.47533333,0.721,0.26841667,0.41,0.12686667,0.251,0.07475,0.161,0.03269167,0.0515,171666.67,176000.0,30116.666,33100.0,2017,9,19,14,475.0,2.5,,тиха
2017-09-19 15:00:00,33.475002,51.3,0.51958334,1.01,0.28591666,0.56,0.11518333,0.155,0.06925833,0.102,0.034283336,0.0664,187333.33,197000.0,38675.0,43700.0,2017,9,19,15,487.0,2.1,,тиха
2017-09-19 16:00:00,37.758335,48.0,0.43408334,0.66,0.2515,0.426,0.12920833,0.26,0.07891667,0.147,0.035458334,0.0675,196666.67,197000.0,46116.668,49800.0,2017,9,19,16,512.0,1.2,,тиха
2017-09-19 17:00:00,40.666668,56.2,0.46949998,1.12,0.28241667,0.547,0.117300004,0.152,0.068616666,0.0983,0.03245,0.0465,206250.0,208000.0,53975.0,56700.0,2017,9,19,17,492.0,1.5,,тиха
2017-09-19 18:00:00,48.916668,73.8,0.35333332,0.521,0.22625,0.315,0.11710834,0.224,0.076799996,0.192,0.037683334,0.0915,220500.0,229000.0,64408.332,69600.0,2017,9,19,18,478.0,1.8,,тиха
2017-09-19 19:00:00,44.358334,57.0,0.31816664,0.723,0.21983333,0.366,0.11000001,0.156,0.06548333,0.0889,0.02965,0.0465,239416.67,250000.0,83250.0,92600.0,2017,9,19,19,481.0,2.0,,тиха
2017-09-19 20:00:00,49.608334,68.6,0.35025,0.492,0.23416667,0.41,0.11435,0.152,0.07755,0.113,0.039641667,0.0837,250250.0,252000.0,98391.664,107000.0,2017,9,19,20,471.0,2.5,,тиха
2017-09-19 21:00:00,39.45,58.4,0.31475,0.477,0.23916666,0.437,0.126525,0.165,0.08594167,0.153,0.045683336,0.081,253916.67,259000.0,106916.664,110000.0,2017,9,19,21,458.0,2.8,,тиха
2017-09-19 22:00:00,40.366665,59.3,0.40441668,0.627,0.25325,0.365,0.11375,0.181,0.07275,0.0975,0.038125,0.0513,244416.67,250000.0,93416.664,102000.0,2017,9,19,22,461.0,2.5,,тиха
2017-09-19 23:00:00,41.591667,54.9,0.41558334,0.572,0.24691667,0.41,0.12211666,0.301,0.07863333,0.2,0.033475,0.0608,232833.33,237000.0,80216.664,84800.0,2017,9,19,23,457.0,3.0,,тиха
2017-09-20 00:00:00,47.166668,71.7,0.52358335,0.959,0.27408335,0.523,0.113691665,0.157,0.07655833,0.103,0.043491665,0.076,221750.0,229000.0,66358.336,72700.0,2017,9,20,0,459.0,2.6,74.0,тиха
2017-09-20 01:00:00,27.333334,38.0,0.44958332,0.648,0.25375,0.513,0.124900006,0.213,0.08025833,0.174,0.036266666,0.0727,200333.33,218000.0,51775.0,65600.0,2017,9,20,1,464.0,2.2,,тиха
2017-09-20 02:00:00,30.000834,48.5,0.5566667,1.03,0.25241667,0.501,0.10145833,0.152,0.064341664,0.0982,0.029816667,0.0612,167666.67,196000.0,34183.332,46400.0,2017,9,20,2,463.0,2.0,,тиха
2017-09-20 03:00:00,21.9,33.6,0.49458334,0.71,0.24599999,0.449,0.12978333,0.346,0.069683336,0.162,0.026975,0.0389,116766.664,157000.0,17822.5,29000.0,2017,9,20,3,460.0,2.3,,тиха
2017-09-20 04:00:00,18.28,26.5,0.49658334,1.03,0.27441666,0.574,0.10408333,0.159,0.06795,0.101,0.0341,0.0711,119216.664,163000.0,17308.334,31400.0,2017,9,20,4,464.0,1.8,,тиха
2017-09-20 05:00:00,17.074999,27.8,0.37308335,0.533,0.18966667,0.259,0.09485834,0.118,0.06660833,0.0935,0.031291667,0.0522,109558.336,125000.0,14325.0,18700.0,2017,9,20,5,468.0,2.0,,тиха
2017-09-20 06:00:00,9.378333,12.7,0.6676667,1.06,0.33925,0.641,0.117075,0.296,0.07414167,0.179,0.034975,0.0612,84475.0,97000.0,8913.333,11400.0,2017,9,20,6,462.0,1.8,,тиха
2017-09-20 07:00:00,9.074166,12.3,0.57916665,0.896,0.28133333,0.556,0.123124994,0.217,0.076799996,0.124,0.03595,0.0733,92766.664,110000.0,11322.5,15100.0,2017,9,20,7,464.0,1.6,,тиха
2017-09-20 08:00:00,9.973333,15.3,0.71250004,1.23,0.316,0.603,0.11959166,0.325,0.07644167,0.196,0.0312,0.0588,98900.0,105000.0,12700.0,14300.0,2017,9,20,8,460.0,2.2,,тиха
2017-09-20 09:00:00,8.18,15.5,0.5034167,0.952,0.22308333,0.369,0.11635833,0.21,0.077316664,0.16,0.033025,0.0588,84175.0,93100.0,9449.167,10900.0,2017,9,20,9,460.0,2.3,,тиха
2017-09-20 10:00:00,13.7775,25.3,0.40308332,0.565,0.21375,0.315,0.12449166,0.226,0.08631667,0.151,0.04515,0.0868,107041.664,122000.0,14100.833,17900.0,2017,9,20,10,462.0,1.9,,тиха
2017-09-20 11:00:00,8.785,15.6,0.522,0.739,0.26341668,0.51,0.13530834,0.378,0.08500833,0.229,0.03444167,0.0677,117250.0,122000.0,16891.666,18300.0,2017,9,20,11,459.0,2.1,,тиха
2017-09-20 12:00:00,11.701667,19.8,0.47841668,0.82,0.24758333,0.539,0.11544167,0.174,0.07095,0.117,0.037358332,0.0835,112666.664,122000.0,16258.333,18400.0,2017,9,20,12,451.0,2.4,,тиха
2017-09-20 13:00:00,14.322499,21.6,0.45000002,0.768,0.20716667,0.338,0.09453333,0.14,0.06005,0.087,0.028225,0.0538,127166.664,137000.0,21133.334,24300.0,2017,9,20,13,451.0,2.6,,тиха
2017-09-20 14:00:00,47.45,115.0,0.48575,0.858,0.24133332,0.486,0.11564166,0.168,0.07563333,0.142,0.036791667,0.0668,148166.67,167000.0,28716.666,37800.0,2017,9,20,14,450.0,2.0,,тиха
2017-09-20 15:00:00,25.333334,32.6,0.317,0.642,0.20525001,0.418,0.097325,0.166,0.06889167,0.13,0.033975,0.0518,167583.33,176000.0,40508.332,44600.0,2017,9,20,15,444.0,1.6,,тиха
2017-09-20 16:00:00,33.475002,60.3,0.342,0.453,0.23941666,0.387,0.11055833,0.164,0.075225,0.116,0.037266668,0.081,180000.0,186000.0,50450.0,54400.0,2017,9,20,16,441.0,1.9,,тиха
2017-09-20 17:00:00,44.733334,66.0,0.29366666,0.436,0.19858332,0.301,0.10344166,0.221,0.07339167,0.167,0.035225,0.0588,190833.33,197000.0,60700.0,66200.0,2017,9,20,17,447.0,2.2,,тиха
2017-09-20 18:00:00,54.50833,76.5,0.27966666,0.456,0.20875001,0.301,0.10961667,0.22,0.06844167,0.137,0.03155,0.0463,208833.33,223000.0,79450.0,95600.0,2017,9,20,18,450.0,2.1,,тиха
2017-09-20 19:00:00,91.46667,117.0,0.33291665,0.67,0.19875,0.41,0.09514167,0.13,0.0657,0.104,0.035508335,0.0785,218750.0,229000.0,91733.336,100000.0,2017,9,20,19,448.0,2.7,,тиха
2017-09-20 20:00:00,91.174995,131.0,0.28550002,0.455,0.20058334,0.294,0.090974994,0.136,0.06041667,0.0959,0.029025001,0.0483,212333.33,218000.0,85025.0,96600.0,2017,9,20,20,449.0,3.2,,тиха
2017-09-20 21:00:00,84.36667,118.0,0.26683334,0.493,0.193,0.328,0.094325,0.124,0.065641664,0.1,0.031525,0.0514,200250.0,208000.0,72833.336,78800.0,2017,9,20,21,455.0,3.8,,тиха
2017-09-20 22:00:00,71.708336,114.0,0.25958332,0.386,0.20891666,0.346,0.098908335,0.168,0.069875,0.139,0.035516668,0.0613,190333.33,197000.0,61433.332,66800.0,2017,9,20,22,453.0,2.8,,тиха
2017-09-20 23:00:00,59.583332,91.5,0.24408333,0.373,0.18466668,0.333,0.09683334,0.159,0.0648,0.104,0.035075,0.0662,178333.33,184000.0,51841.668,54800.0,2017,9,20,23,455.0,2.2,,тиха
2017-09-21 00:00:00,46.425,71.1,0.28083333,0.419,0.20158333,0.335,0.117300004,0.253,0.0784,0.16,0.036325,0.0613,170166.67,180000.0,45450.0,51500.0,2017,9,21,0,452.0,1.9,73.0,тиха
2017-09-21 01:00:00,37.408333,56.3,0.26825002,0.375,0.19666666,0.335,0.116075,0.255,0.07819167,0.16,0.039483335,0.0737,159833.33,164000.0,38200.0,41400.0,2017,9,21,1,453.0,1.9,,тиха
2017-09-21 02:00:00,36.841663,48.6,0.35724998,0.774,0.22933334,0.493,0.100841664,0.154,0.07156666,0.129,0.038883332,0.0737,150583.33,158000.0,32333.334,36000.0,2017,9,21,2,453.0,1.9,,тиха
2017-09-21 03:00:00,27.324999,39.8,0.38033333,0.678,0.19875,0.411,0.09375,0.126,0.068616666,0.0941,0.035458334,0.0691,135083.33,143000.0,24566.666,28600.0,2017,9,21,3,450.0,2.0,,тиха
2017-09-21 04:00:00,16.550001,29.8,0.39325,0.591,0.19641668,0.272,0.10561667,0.185,0.071891665,0.111,0.03125,0.042,120833.336,131000.0,18641.666,21900.0,2017,9,21,4,452.0,2.1,,тиха
2017-09-21 05:00:00,9.0725,15.2,0.5338333,0.878,0.25591668,0.422,0.10389167,0.148,0.070758335,0.0987,0.037933335,0.0662,99925.0,109000.0,12593.333,15100.0,2017,9,21,5,445.0,1.7,,тиха
2017-09-21 06:00:00,9.601666,27.5,0.5165833,0.943,0.24691667,0.449,0.102425,0.132,0.0726,0.101,0.036983334,0.0761,89841.664,129000.0,12579.167,23800.0,2017,9,21,6,443.0,1.5,,тиха
2017-09-21 07:00:00,9.558333,12.8,0.43358335,0.758,0.22133334,0.384,0.088099994,0.176,0.06175,0.127,0.027700001,0.0461,132250.0,139000.0,26158.334,28800.0,2017,9,21,7,434.0,1.5,,тиха
2017-09-21 08:00:00,8.098333,10.2,0.531,0.921,0.25866666,0.488,0.11936667,0.304,0.08383334,0.199,0.036675002,0.0601,105916.664,113000.0,19191.666,21300.0,2017,9,21,8,431.0,1.7,,тиха
2017-09-21 09:00:00,5.7483335,8.17,0.47091666,0.83,0.23591666,0.508,0.119925,0.297,0.08280834,0.185,0.03884167,0.0761,87166.664,104000.0,13641.667,18500.0,2017,9,21,9,447.0,1.0,,тиха
2017-09-21 10:00:00,6.7683334,9.85,0.48633334,0.98,0.25425002,0.409,0.11205,0.233,0.07608333,0.161,0.035208333,0.062,82975.0,93700.0,13583.333,16300.0,2017,9,21,10,438.0,1.0,,тиха
2017-09-21 11:00:00,8.5,11.9,0.5249167,0.875,0.25441667,0.519,0.103933334,0.147,0.076683335,0.135,0.03975,0.0761,86983.336,92900.0,15216.667,17100.0,2017,9,21,11,419.0,1.7,,тиха
2017-09-21 12:00:00,14.343333,22.2,0.40116668,0.556,0.19491667,0.333,0.09516666,0.137,0.06600834,0.0991,0.036125,0.0705,98750.0,106000.0,20175.0,22500.0,2017,9,21,12,414.0,1.8,,тиха
2017-09-21 13:00:00,21.449999,26.3,0.56125003,0.954,0.29433334,0.543,0.10999167,0.136,0.07128333,0.0965,0.038075,0.0613,106916.664,113000.0,23283.334,24500.0,2017,9,21,13,397.0,1.9,,тиха
2017-09-21 14:00:00,21.400002,31.2,0.35325,0.551,0.20733333,0.328,0.11173334,0.216,0.078925,0.135,0.039166667,0.0687,133916.67,143000.0,32541.666,37800.0,2017,9,21,14,382.0,2.1,,тиха
2017-09-21 15:00:00,28.891668,41.9,0.29966667,0.629,0.20275001,0.466,0.097675,0.151,0.065008335,0.101,0.035191666,0.0687,148666.67,151000.0,41091.668,43400.0,2017,9,21,15,381.0,2.2,,тиха
2017-09-21 16:00:00,32.458332,44.5,0.30200002,0.822,0.20233333,0.459,0.09251667,0.149,0.06846667,0.125,0.03528333,0.0686,147166.67,151000.0,42008.332,43700.0,2017,9,21,16,375.0,2.3,,тиха
2017-09-21 17:00:00,51.766666,77.2,0.285,0.341,0.18966667,0.266,0.095725,0.188,0.06650833,0.139,0.032775,0.0761,155750.0,159000.0,49458.332,51200.0,2017,9,21,17,365.0,3.0,,тиха
2017-09-21 18:00:00,57.600002,82.0,0.25691667,0.425,0.17916667,0.263,0.09763333,0.163,0.071875,0.116,0.039925,0.0811,170000.0,176000.0,60341.668,65900.0,2017,9,21,18,375.0,2.8,,тиха
2017-09-21 19:00:00,63.166668,93.1,0.37249997,0.795,0.22983335,0.472,0.110641666,0.157,0.0743,0.105,0.04019167,0.0687,180250.0,186000.0,65750.0,66800.0,2017,9,21,19,394.0,1.3,,тиха
2017-09-21 20:00:00,42.1025,78.9,0.3975,0.833,0.22683334,0.429,0.089325,0.138,0.06998333,0.105,0.039691668,0.0737,178750.0,186000.0,63175.0,70500.0,2017,9,21,20,379.0,1.8,,тиха
2017-09-21 21:00:00,50.783337,71.7,0.48925003,0.788,0.31758335,0.501,0.121358335,0.204,0.07746667,0.147,0.033416666,0.0524,175833.33,177000.0,58350.0,60300.0,2017,9,21,21,380.0,1.8,,тиха
2017-09-21 22:00:00,39.0,48.8,0.35,0.536,0.20024998,0.31,0.09435833,0.143,0.07063333,0.108,0.0396,0.0798,167750.0,176000.0,49366.668,54400.0,2017,9,21,22,387.0,1.1,,тиха
2017-09-21 23:00:00,28.824999,42.1,0.465,0.861,0.25783333,0.506,0.113575004,0.168,0.07810833,0.111,0.045124996,0.0733,150083.33,160000.0,37525.0,44400.0,2017,9,21,23,380.0,1.0,,тиха
2017-09-22 00:00:00,,,,,,,,,,,,,,,,,2017,9,22,0,381.0,1.0,,
